algorithm,generator,preprocessor,iteration,point_count,query_count,dim,block_size,k,items_per_thread,deg,phase,time
baseline,uniform,identity,10,16777216,64,1,128,32,"1,1,1",1,selection,1.161399795
baseline,uniform,identity,11,16777216,64,1,128,32,"1,1,1",1,selection,1.161472105
baseline,uniform,identity,12,16777216,64,1,128,32,"1,1,1",1,selection,1.161385795
baseline,uniform,identity,13,16777216,64,1,128,32,"1,1,1",1,selection,1.161386485
baseline,uniform,identity,14,16777216,64,1,128,32,"1,1,1",1,selection,1.161406816
baseline,uniform,identity,15,16777216,64,1,128,32,"1,1,1",1,selection,1.161388756
baseline,uniform,identity,16,16777216,64,1,128,32,"1,1,1",1,selection,1.161330796
baseline,uniform,identity,17,16777216,64,1,128,32,"1,1,1",1,selection,1.161388465
baseline,uniform,identity,18,16777216,64,1,128,32,"1,1,1",1,selection,1.161245048
baseline,uniform,identity,19,16777216,64,1,128,32,"1,1,1",1,selection,1.161243267
warp-shuffle,uniform,identity,10,16777216,64,1,128,32,"1,1,1",1,selection,0.563025341
warp-shuffle,uniform,identity,11,16777216,64,1,128,32,"1,1,1",1,selection,0.563085381
warp-shuffle,uniform,identity,12,16777216,64,1,128,32,"1,1,1",1,selection,0.563099061
warp-shuffle,uniform,identity,13,16777216,64,1,128,32,"1,1,1",1,selection,0.563680364
warp-shuffle,uniform,identity,14,16777216,64,1,128,32,"1,1,1",1,selection,0.56315546
warp-shuffle,uniform,identity,15,16777216,64,1,128,32,"1,1,1",1,selection,0.563208579
warp-shuffle,uniform,identity,16,16777216,64,1,128,32,"1,1,1",1,selection,0.563250579
warp-shuffle,uniform,identity,17,16777216,64,1,128,32,"1,1,1",1,selection,0.563323698
warp-shuffle,uniform,identity,18,16777216,64,1,128,32,"1,1,1",1,selection,0.563676414
warp-shuffle,uniform,identity,19,16777216,64,1,128,32,"1,1,1",1,selection,0.563560006
sort-in-registers,uniform,identity,10,16777216,64,1,512,32,"1,1,1",1,selection,0.106552983
sort-in-registers,uniform,identity,11,16777216,64,1,512,32,"1,1,1",1,selection,0.106555912
sort-in-registers,uniform,identity,12,16777216,64,1,512,32,"1,1,1",1,selection,0.106553713
sort-in-registers,uniform,identity,13,16777216,64,1,512,32,"1,1,1",1,selection,0.106543243
sort-in-registers,uniform,identity,14,16777216,64,1,512,32,"1,1,1",1,selection,0.106547763
sort-in-registers,uniform,identity,15,16777216,64,1,512,32,"1,1,1",1,selection,0.106539922
sort-in-registers,uniform,identity,16,16777216,64,1,512,32,"1,1,1",1,selection,0.106525692
sort-in-registers,uniform,identity,17,16777216,64,1,512,32,"1,1,1",1,selection,0.106542593
sort-in-registers,uniform,identity,18,16777216,64,1,512,32,"1,1,1",1,selection,0.106528113
sort-in-registers,uniform,identity,19,16777216,64,1,512,32,"1,1,1",1,selection,0.106536613
baseline,uniform,identity,10,16777216,64,1,128,64,"1,1,1",1,selection,0.689317418
baseline,uniform,identity,11,16777216,64,1,128,64,"1,1,1",1,selection,0.688534937
baseline,uniform,identity,12,16777216,64,1,128,64,"1,1,1",1,selection,0.688506696
baseline,uniform,identity,13,16777216,64,1,128,64,"1,1,1",1,selection,0.688558515
baseline,uniform,identity,14,16777216,64,1,128,64,"1,1,1",1,selection,0.689380307
baseline,uniform,identity,15,16777216,64,1,128,64,"1,1,1",1,selection,0.689399447
baseline,uniform,identity,16,16777216,64,1,128,64,"1,1,1",1,selection,0.688342649
baseline,uniform,identity,17,16777216,64,1,128,64,"1,1,1",1,selection,0.688603306
baseline,uniform,identity,18,16777216,64,1,128,64,"1,1,1",1,selection,0.688458847
baseline,uniform,identity,19,16777216,64,1,128,64,"1,1,1",1,selection,0.688528246
warp-shuffle,uniform,identity,10,16777216,64,1,64,64,"1,1,1",1,selection,0.300243211
warp-shuffle,uniform,identity,11,16777216,64,1,64,64,"1,1,1",1,selection,0.300173781
warp-shuffle,uniform,identity,12,16777216,64,1,64,64,"1,1,1",1,selection,0.30028079
warp-shuffle,uniform,identity,13,16777216,64,1,64,64,"1,1,1",1,selection,0.3002911
warp-shuffle,uniform,identity,14,16777216,64,1,64,64,"1,1,1",1,selection,0.30024287
warp-shuffle,uniform,identity,15,16777216,64,1,64,64,"1,1,1",1,selection,0.30027257
warp-shuffle,uniform,identity,16,16777216,64,1,64,64,"1,1,1",1,selection,0.30028375
warp-shuffle,uniform,identity,17,16777216,64,1,64,64,"1,1,1",1,selection,0.300234421
warp-shuffle,uniform,identity,18,16777216,64,1,64,64,"1,1,1",1,selection,0.30023882
warp-shuffle,uniform,identity,19,16777216,64,1,64,64,"1,1,1",1,selection,0.300301959
sort-in-registers,uniform,identity,10,16777216,64,1,512,64,"1,1,1",1,selection,0.106548642
sort-in-registers,uniform,identity,11,16777216,64,1,512,64,"1,1,1",1,selection,0.106556333
sort-in-registers,uniform,identity,12,16777216,64,1,512,64,"1,1,1",1,selection,0.106545083
sort-in-registers,uniform,identity,13,16777216,64,1,512,64,"1,1,1",1,selection,0.106549192
sort-in-registers,uniform,identity,14,16777216,64,1,512,64,"1,1,1",1,selection,0.106552923
sort-in-registers,uniform,identity,15,16777216,64,1,512,64,"1,1,1",1,selection,0.106560372
sort-in-registers,uniform,identity,16,16777216,64,1,512,64,"1,1,1",1,selection,0.106559813
sort-in-registers,uniform,identity,17,16777216,64,1,512,64,"1,1,1",1,selection,0.106550613
sort-in-registers,uniform,identity,18,16777216,64,1,512,64,"1,1,1",1,selection,0.106548023
sort-in-registers,uniform,identity,19,16777216,64,1,512,64,"1,1,1",1,selection,0.106554932
baseline,uniform,identity,10,16777216,64,1,128,128,"1,1,1",1,selection,0.424182333
baseline,uniform,identity,11,16777216,64,1,128,128,"1,1,1",1,selection,0.424159283
baseline,uniform,identity,12,16777216,64,1,128,128,"1,1,1",1,selection,0.424220972
baseline,uniform,identity,13,16777216,64,1,128,128,"1,1,1",1,selection,0.424181273
baseline,uniform,identity,14,16777216,64,1,128,128,"1,1,1",1,selection,0.424171553
baseline,uniform,identity,15,16777216,64,1,128,128,"1,1,1",1,selection,0.424177033
baseline,uniform,identity,16,16777216,64,1,128,128,"1,1,1",1,selection,0.424206832
baseline,uniform,identity,17,16777216,64,1,128,128,"1,1,1",1,selection,0.424093754
baseline,uniform,identity,18,16777216,64,1,128,128,"1,1,1",1,selection,0.424161203
baseline,uniform,identity,19,16777216,64,1,128,128,"1,1,1",1,selection,0.424176943
warp-shuffle,uniform,identity,10,16777216,64,1,128,128,"1,1,1",1,selection,0.189486683
warp-shuffle,uniform,identity,11,16777216,64,1,128,128,"1,1,1",1,selection,0.189431214
warp-shuffle,uniform,identity,12,16777216,64,1,128,128,"1,1,1",1,selection,0.189460894
warp-shuffle,uniform,identity,13,16777216,64,1,128,128,"1,1,1",1,selection,0.189471574
warp-shuffle,uniform,identity,14,16777216,64,1,128,128,"1,1,1",1,selection,0.189487824
warp-shuffle,uniform,identity,15,16777216,64,1,128,128,"1,1,1",1,selection,0.189467164
warp-shuffle,uniform,identity,16,16777216,64,1,128,128,"1,1,1",1,selection,0.189463104
warp-shuffle,uniform,identity,17,16777216,64,1,128,128,"1,1,1",1,selection,0.189466744
warp-shuffle,uniform,identity,18,16777216,64,1,128,128,"1,1,1",1,selection,0.189465784
warp-shuffle,uniform,identity,19,16777216,64,1,128,128,"1,1,1",1,selection,0.189473254
sort-in-registers,uniform,identity,10,16777216,64,1,512,128,"1,1,1",1,selection,0.106528783
sort-in-registers,uniform,identity,11,16777216,64,1,512,128,"1,1,1",1,selection,0.106547103
sort-in-registers,uniform,identity,12,16777216,64,1,512,128,"1,1,1",1,selection,0.106551533
sort-in-registers,uniform,identity,13,16777216,64,1,512,128,"1,1,1",1,selection,0.106550263
sort-in-registers,uniform,identity,14,16777216,64,1,512,128,"1,1,1",1,selection,0.106555522
sort-in-registers,uniform,identity,15,16777216,64,1,512,128,"1,1,1",1,selection,0.106551343
sort-in-registers,uniform,identity,16,16777216,64,1,512,128,"1,1,1",1,selection,0.106550343
sort-in-registers,uniform,identity,17,16777216,64,1,512,128,"1,1,1",1,selection,0.106544863
sort-in-registers,uniform,identity,18,16777216,64,1,512,128,"1,1,1",1,selection,0.106551873
sort-in-registers,uniform,identity,19,16777216,64,1,512,128,"1,1,1",1,selection,0.106567863
baseline,uniform,identity,10,16777216,64,1,256,256,"1,1,1",1,selection,0.279440748
baseline,uniform,identity,11,16777216,64,1,256,256,"1,1,1",1,selection,0.279477948
baseline,uniform,identity,12,16777216,64,1,256,256,"1,1,1",1,selection,0.279464198
baseline,uniform,identity,13,16777216,64,1,256,256,"1,1,1",1,selection,0.279483518
baseline,uniform,identity,14,16777216,64,1,256,256,"1,1,1",1,selection,0.279490258
baseline,uniform,identity,15,16777216,64,1,256,256,"1,1,1",1,selection,0.279475298
baseline,uniform,identity,16,16777216,64,1,256,256,"1,1,1",1,selection,0.279494797
baseline,uniform,identity,17,16777216,64,1,256,256,"1,1,1",1,selection,0.279468348
baseline,uniform,identity,18,16777216,64,1,256,256,"1,1,1",1,selection,0.279482588
baseline,uniform,identity,19,16777216,64,1,256,256,"1,1,1",1,selection,0.279472918
warp-shuffle,uniform,identity,10,16777216,64,1,512,256,"1,1,1",1,selection,0.132632357
warp-shuffle,uniform,identity,11,16777216,64,1,512,256,"1,1,1",1,selection,0.132601207
warp-shuffle,uniform,identity,12,16777216,64,1,512,256,"1,1,1",1,selection,0.132585848
warp-shuffle,uniform,identity,13,16777216,64,1,512,256,"1,1,1",1,selection,0.132591187
warp-shuffle,uniform,identity,14,16777216,64,1,512,256,"1,1,1",1,selection,0.132585238
warp-shuffle,uniform,identity,15,16777216,64,1,512,256,"1,1,1",1,selection,0.132603007
warp-shuffle,uniform,identity,16,16777216,64,1,512,256,"1,1,1",1,selection,0.132600988
warp-shuffle,uniform,identity,17,16777216,64,1,512,256,"1,1,1",1,selection,0.132606177
warp-shuffle,uniform,identity,18,16777216,64,1,512,256,"1,1,1",1,selection,0.132594277
warp-shuffle,uniform,identity,19,16777216,64,1,512,256,"1,1,1",1,selection,0.132604577
sort-in-registers,uniform,identity,10,16777216,64,1,512,256,"1,1,1",1,selection,0.106549113
sort-in-registers,uniform,identity,11,16777216,64,1,512,256,"1,1,1",1,selection,0.106542363
sort-in-registers,uniform,identity,12,16777216,64,1,512,256,"1,1,1",1,selection,0.106524644
sort-in-registers,uniform,identity,13,16777216,64,1,512,256,"1,1,1",1,selection,0.106535002
sort-in-registers,uniform,identity,14,16777216,64,1,512,256,"1,1,1",1,selection,0.106534953
sort-in-registers,uniform,identity,15,16777216,64,1,512,256,"1,1,1",1,selection,0.106538643
sort-in-registers,uniform,identity,16,16777216,64,1,512,256,"1,1,1",1,selection,0.106528363
sort-in-registers,uniform,identity,17,16777216,64,1,512,256,"1,1,1",1,selection,0.106553413
sort-in-registers,uniform,identity,18,16777216,64,1,512,256,"1,1,1",1,selection,0.106552273
sort-in-registers,uniform,identity,19,16777216,64,1,512,256,"1,1,1",1,selection,0.106555902
baseline,uniform,identity,10,16777216,64,1,512,512,"1,1,1",1,selection,0.195049133
baseline,uniform,identity,11,16777216,64,1,512,512,"1,1,1",1,selection,0.195042513
baseline,uniform,identity,12,16777216,64,1,512,512,"1,1,1",1,selection,0.195019773
baseline,uniform,identity,13,16777216,64,1,512,512,"1,1,1",1,selection,0.195023364
baseline,uniform,identity,14,16777216,64,1,512,512,"1,1,1",1,selection,0.195035884
baseline,uniform,identity,15,16777216,64,1,512,512,"1,1,1",1,selection,0.195041533
baseline,uniform,identity,16,16777216,64,1,512,512,"1,1,1",1,selection,0.195052572
baseline,uniform,identity,17,16777216,64,1,512,512,"1,1,1",1,selection,0.195042493
baseline,uniform,identity,18,16777216,64,1,512,512,"1,1,1",1,selection,0.195027674
baseline,uniform,identity,19,16777216,64,1,512,512,"1,1,1",1,selection,0.195031433
warp-shuffle,uniform,identity,10,16777216,64,1,512,512,"1,1,1",1,selection,0.08867237799999998
warp-shuffle,uniform,identity,11,16777216,64,1,512,512,"1,1,1",1,selection,0.08868321899999998
warp-shuffle,uniform,identity,12,16777216,64,1,512,512,"1,1,1",1,selection,0.08867962899999998
warp-shuffle,uniform,identity,13,16777216,64,1,512,512,"1,1,1",1,selection,0.088685478
warp-shuffle,uniform,identity,14,16777216,64,1,512,512,"1,1,1",1,selection,0.088679199
warp-shuffle,uniform,identity,15,16777216,64,1,512,512,"1,1,1",1,selection,0.088685339
warp-shuffle,uniform,identity,16,16777216,64,1,512,512,"1,1,1",1,selection,0.088683758
warp-shuffle,uniform,identity,17,16777216,64,1,512,512,"1,1,1",1,selection,0.088691608
warp-shuffle,uniform,identity,18,16777216,64,1,512,512,"1,1,1",1,selection,0.088671308
warp-shuffle,uniform,identity,19,16777216,64,1,512,512,"1,1,1",1,selection,0.08869170799999998
sort-in-registers,uniform,identity,10,16777216,64,1,256,512,"1,1,1",1,selection,0.09364936400000001
sort-in-registers,uniform,identity,11,16777216,64,1,256,512,"1,1,1",1,selection,0.093662544
sort-in-registers,uniform,identity,12,16777216,64,1,256,512,"1,1,1",1,selection,0.093656944
sort-in-registers,uniform,identity,13,16777216,64,1,256,512,"1,1,1",1,selection,0.093648624
sort-in-registers,uniform,identity,14,16777216,64,1,256,512,"1,1,1",1,selection,0.093641443
sort-in-registers,uniform,identity,15,16777216,64,1,256,512,"1,1,1",1,selection,0.093675154
sort-in-registers,uniform,identity,16,16777216,64,1,256,512,"1,1,1",1,selection,0.09365988400000001
sort-in-registers,uniform,identity,17,16777216,64,1,256,512,"1,1,1",1,selection,0.093653273
sort-in-registers,uniform,identity,18,16777216,64,1,256,512,"1,1,1",1,selection,0.093644404
sort-in-registers,uniform,identity,19,16777216,64,1,256,512,"1,1,1",1,selection,0.093651854
baseline,uniform,identity,10,16777216,64,1,512,1024,"1,1,1",1,selection,0.145464496
baseline,uniform,identity,11,16777216,64,1,512,1024,"1,1,1",1,selection,0.145462266
baseline,uniform,identity,12,16777216,64,1,512,1024,"1,1,1",1,selection,0.145476186
baseline,uniform,identity,13,16777216,64,1,512,1024,"1,1,1",1,selection,0.145473946
baseline,uniform,identity,14,16777216,64,1,512,1024,"1,1,1",1,selection,0.145467427
baseline,uniform,identity,15,16777216,64,1,512,1024,"1,1,1",1,selection,0.145460156
baseline,uniform,identity,16,16777216,64,1,512,1024,"1,1,1",1,selection,0.145470786
baseline,uniform,identity,17,16777216,64,1,512,1024,"1,1,1",1,selection,0.145451936
baseline,uniform,identity,18,16777216,64,1,512,1024,"1,1,1",1,selection,0.145468686
baseline,uniform,identity,19,16777216,64,1,512,1024,"1,1,1",1,selection,0.145457207
warp-shuffle,uniform,identity,10,16777216,64,1,512,1024,"1,1,1",1,selection,0.08704729599999998
warp-shuffle,uniform,identity,11,16777216,64,1,512,1024,"1,1,1",1,selection,0.08703548599999998
warp-shuffle,uniform,identity,12,16777216,64,1,512,1024,"1,1,1",1,selection,0.087049767
warp-shuffle,uniform,identity,13,16777216,64,1,512,1024,"1,1,1",1,selection,0.087035836
warp-shuffle,uniform,identity,14,16777216,64,1,512,1024,"1,1,1",1,selection,0.087037867
warp-shuffle,uniform,identity,15,16777216,64,1,512,1024,"1,1,1",1,selection,0.087033656
warp-shuffle,uniform,identity,16,16777216,64,1,512,1024,"1,1,1",1,selection,0.087035206
warp-shuffle,uniform,identity,17,16777216,64,1,512,1024,"1,1,1",1,selection,0.087034436
warp-shuffle,uniform,identity,18,16777216,64,1,512,1024,"1,1,1",1,selection,0.08703158599999998
warp-shuffle,uniform,identity,19,16777216,64,1,512,1024,"1,1,1",1,selection,0.087031017
sort-in-registers,uniform,identity,10,16777216,64,1,256,1024,"1,1,1",1,selection,0.087383903
sort-in-registers,uniform,identity,11,16777216,64,1,256,1024,"1,1,1",1,selection,0.08736859299999998
sort-in-registers,uniform,identity,12,16777216,64,1,256,1024,"1,1,1",1,selection,0.087353943
sort-in-registers,uniform,identity,13,16777216,64,1,256,1024,"1,1,1",1,selection,0.08736859199999998
sort-in-registers,uniform,identity,14,16777216,64,1,256,1024,"1,1,1",1,selection,0.087362852
sort-in-registers,uniform,identity,15,16777216,64,1,256,1024,"1,1,1",1,selection,0.08736466299999998
sort-in-registers,uniform,identity,16,16777216,64,1,256,1024,"1,1,1",1,selection,0.08735319299999998
sort-in-registers,uniform,identity,17,16777216,64,1,256,1024,"1,1,1",1,selection,0.087350723
sort-in-registers,uniform,identity,18,16777216,64,1,256,1024,"1,1,1",1,selection,0.08736326199999998
sort-in-registers,uniform,identity,19,16777216,64,1,256,1024,"1,1,1",1,selection,0.087335893
baseline,uniform,identity,10,16777216,64,1,512,2048,"1,1,1",1,selection,0.144175441
baseline,uniform,identity,11,16777216,64,1,512,2048,"1,1,1",1,selection,0.144164121
baseline,uniform,identity,12,16777216,64,1,512,2048,"1,1,1",1,selection,0.144172721
baseline,uniform,identity,13,16777216,64,1,512,2048,"1,1,1",1,selection,0.14417547
baseline,uniform,identity,14,16777216,64,1,512,2048,"1,1,1",1,selection,0.144160732
baseline,uniform,identity,15,16777216,64,1,512,2048,"1,1,1",1,selection,0.144146771
baseline,uniform,identity,16,16777216,64,1,512,2048,"1,1,1",1,selection,0.144153831
baseline,uniform,identity,17,16777216,64,1,512,2048,"1,1,1",1,selection,0.144165911
baseline,uniform,identity,18,16777216,64,1,512,2048,"1,1,1",1,selection,0.14417939
baseline,uniform,identity,19,16777216,64,1,512,2048,"1,1,1",1,selection,0.14420092
warp-shuffle,uniform,identity,10,16777216,64,1,512,2048,"1,1,1",1,selection,0.09830809300000001
warp-shuffle,uniform,identity,11,16777216,64,1,512,2048,"1,1,1",1,selection,0.098273763
warp-shuffle,uniform,identity,12,16777216,64,1,512,2048,"1,1,1",1,selection,0.098295223
warp-shuffle,uniform,identity,13,16777216,64,1,512,2048,"1,1,1",1,selection,0.098260204
warp-shuffle,uniform,identity,14,16777216,64,1,512,2048,"1,1,1",1,selection,0.098301803
warp-shuffle,uniform,identity,15,16777216,64,1,512,2048,"1,1,1",1,selection,0.098297493
warp-shuffle,uniform,identity,16,16777216,64,1,512,2048,"1,1,1",1,selection,0.098400072
warp-shuffle,uniform,identity,17,16777216,64,1,512,2048,"1,1,1",1,selection,0.098289053
warp-shuffle,uniform,identity,18,16777216,64,1,512,2048,"1,1,1",1,selection,0.098267214
warp-shuffle,uniform,identity,19,16777216,64,1,512,2048,"1,1,1",1,selection,0.098241624
sort-in-registers,uniform,identity,10,16777216,64,1,256,2048,"1,1,1",1,selection,0.083909091
sort-in-registers,uniform,identity,11,16777216,64,1,256,2048,"1,1,1",1,selection,0.083901421
sort-in-registers,uniform,identity,12,16777216,64,1,256,2048,"1,1,1",1,selection,0.083907061
sort-in-registers,uniform,identity,13,16777216,64,1,256,2048,"1,1,1",1,selection,0.083904121
sort-in-registers,uniform,identity,14,16777216,64,1,256,2048,"1,1,1",1,selection,0.083905191
sort-in-registers,uniform,identity,15,16777216,64,1,256,2048,"1,1,1",1,selection,0.08390013
sort-in-registers,uniform,identity,16,16777216,64,1,256,2048,"1,1,1",1,selection,0.08388693
sort-in-registers,uniform,identity,17,16777216,64,1,256,2048,"1,1,1",1,selection,0.083896731
sort-in-registers,uniform,identity,18,16777216,64,1,256,2048,"1,1,1",1,selection,0.08389748099999998
sort-in-registers,uniform,identity,19,16777216,64,1,256,2048,"1,1,1",1,selection,0.08390193999999998
baseline,uniform,identity,10,4194304,256,1,64,32,"1,1,1",1,selection,0.290491497
baseline,uniform,identity,11,4194304,256,1,64,32,"1,1,1",1,selection,0.290199691
baseline,uniform,identity,12,4194304,256,1,64,32,"1,1,1",1,selection,0.290223721
baseline,uniform,identity,13,4194304,256,1,64,32,"1,1,1",1,selection,0.290581136
baseline,uniform,identity,14,4194304,256,1,64,32,"1,1,1",1,selection,0.290582496
baseline,uniform,identity,15,4194304,256,1,64,32,"1,1,1",1,selection,0.29024254
baseline,uniform,identity,16,4194304,256,1,64,32,"1,1,1",1,selection,0.290188651
baseline,uniform,identity,17,4194304,256,1,64,32,"1,1,1",1,selection,0.290520117
baseline,uniform,identity,18,4194304,256,1,64,32,"1,1,1",1,selection,0.290545127
baseline,uniform,identity,19,4194304,256,1,64,32,"1,1,1",1,selection,0.290551647
warp-shuffle,uniform,identity,10,4194304,256,1,64,32,"1,1,1",1,selection,0.139686139
warp-shuffle,uniform,identity,11,4194304,256,1,64,32,"1,1,1",1,selection,0.13968429
warp-shuffle,uniform,identity,12,4194304,256,1,64,32,"1,1,1",1,selection,0.13972455
warp-shuffle,uniform,identity,13,4194304,256,1,64,32,"1,1,1",1,selection,0.139698179
warp-shuffle,uniform,identity,14,4194304,256,1,64,32,"1,1,1",1,selection,0.13968916
warp-shuffle,uniform,identity,15,4194304,256,1,64,32,"1,1,1",1,selection,0.139599671
warp-shuffle,uniform,identity,16,4194304,256,1,64,32,"1,1,1",1,selection,0.13959725
warp-shuffle,uniform,identity,17,4194304,256,1,64,32,"1,1,1",1,selection,0.13969383
warp-shuffle,uniform,identity,18,4194304,256,1,64,32,"1,1,1",1,selection,0.139751299
warp-shuffle,uniform,identity,19,4194304,256,1,64,32,"1,1,1",1,selection,0.1396885
sort-in-registers,uniform,identity,10,4194304,256,1,256,32,"1,1,1",1,selection,0.037309901
sort-in-registers,uniform,identity,11,4194304,256,1,256,32,"1,1,1",1,selection,0.037297291
sort-in-registers,uniform,identity,12,4194304,256,1,256,32,"1,1,1",1,selection,0.037290972
sort-in-registers,uniform,identity,13,4194304,256,1,256,32,"1,1,1",1,selection,0.037296871
sort-in-registers,uniform,identity,14,4194304,256,1,256,32,"1,1,1",1,selection,0.037302251
sort-in-registers,uniform,identity,15,4194304,256,1,256,32,"1,1,1",1,selection,0.037285602
sort-in-registers,uniform,identity,16,4194304,256,1,256,32,"1,1,1",1,selection,0.037294802
sort-in-registers,uniform,identity,17,4194304,256,1,256,32,"1,1,1",1,selection,0.037291622
sort-in-registers,uniform,identity,18,4194304,256,1,256,32,"1,1,1",1,selection,0.037302431
sort-in-registers,uniform,identity,19,4194304,256,1,256,32,"1,1,1",1,selection,0.037297092
baseline,uniform,identity,10,4194304,256,1,64,64,"1,1,1",1,selection,0.172402341
baseline,uniform,identity,11,4194304,256,1,64,64,"1,1,1",1,selection,0.172182153
baseline,uniform,identity,12,4194304,256,1,64,64,"1,1,1",1,selection,0.172375301
baseline,uniform,identity,13,4194304,256,1,64,64,"1,1,1",1,selection,0.172408621
baseline,uniform,identity,14,4194304,256,1,64,64,"1,1,1",1,selection,0.172408291
baseline,uniform,identity,15,4194304,256,1,64,64,"1,1,1",1,selection,0.17069994
baseline,uniform,identity,16,4194304,256,1,64,64,"1,1,1",1,selection,0.172100564
baseline,uniform,identity,17,4194304,256,1,64,64,"1,1,1",1,selection,0.172120305
baseline,uniform,identity,18,4194304,256,1,64,64,"1,1,1",1,selection,0.172121725
baseline,uniform,identity,19,4194304,256,1,64,64,"1,1,1",1,selection,0.172376602
warp-shuffle,uniform,identity,10,4194304,256,1,64,64,"1,1,1",1,selection,0.07475095099999998
warp-shuffle,uniform,identity,11,4194304,256,1,64,64,"1,1,1",1,selection,0.074740821
warp-shuffle,uniform,identity,12,4194304,256,1,64,64,"1,1,1",1,selection,0.074807601
warp-shuffle,uniform,identity,13,4194304,256,1,64,64,"1,1,1",1,selection,0.074726991
warp-shuffle,uniform,identity,14,4194304,256,1,64,64,"1,1,1",1,selection,0.074746621
warp-shuffle,uniform,identity,15,4194304,256,1,64,64,"1,1,1",1,selection,0.074735671
warp-shuffle,uniform,identity,16,4194304,256,1,64,64,"1,1,1",1,selection,0.074769811
warp-shuffle,uniform,identity,17,4194304,256,1,64,64,"1,1,1",1,selection,0.074738951
warp-shuffle,uniform,identity,18,4194304,256,1,64,64,"1,1,1",1,selection,0.07474357199999998
warp-shuffle,uniform,identity,19,4194304,256,1,64,64,"1,1,1",1,selection,0.07476030999999998
sort-in-registers,uniform,identity,10,4194304,256,1,256,64,"1,1,1",1,selection,0.037304041
sort-in-registers,uniform,identity,11,4194304,256,1,256,64,"1,1,1",1,selection,0.037287462
sort-in-registers,uniform,identity,12,4194304,256,1,256,64,"1,1,1",1,selection,0.037297232
sort-in-registers,uniform,identity,13,4194304,256,1,256,64,"1,1,1",1,selection,0.037275211
sort-in-registers,uniform,identity,14,4194304,256,1,256,64,"1,1,1",1,selection,0.037284231
sort-in-registers,uniform,identity,15,4194304,256,1,256,64,"1,1,1",1,selection,0.037296542
sort-in-registers,uniform,identity,16,4194304,256,1,256,64,"1,1,1",1,selection,0.037294901
sort-in-registers,uniform,identity,17,4194304,256,1,256,64,"1,1,1",1,selection,0.037290101
sort-in-registers,uniform,identity,18,4194304,256,1,256,64,"1,1,1",1,selection,0.037287692
sort-in-registers,uniform,identity,19,4194304,256,1,256,64,"1,1,1",1,selection,0.037299291
baseline,uniform,identity,10,4194304,256,1,128,128,"1,1,1",1,selection,0.1085608
baseline,uniform,identity,11,4194304,256,1,128,128,"1,1,1",1,selection,0.10857
baseline,uniform,identity,12,4194304,256,1,128,128,"1,1,1",1,selection,0.108522241
baseline,uniform,identity,13,4194304,256,1,128,128,"1,1,1",1,selection,0.108549021
baseline,uniform,identity,14,4194304,256,1,128,128,"1,1,1",1,selection,0.10856309
baseline,uniform,identity,15,4194304,256,1,128,128,"1,1,1",1,selection,0.108554431
baseline,uniform,identity,16,4194304,256,1,128,128,"1,1,1",1,selection,0.108546161
baseline,uniform,identity,17,4194304,256,1,128,128,"1,1,1",1,selection,0.108545
baseline,uniform,identity,18,4194304,256,1,128,128,"1,1,1",1,selection,0.10856299
baseline,uniform,identity,19,4194304,256,1,128,128,"1,1,1",1,selection,0.10856732
warp-shuffle,uniform,identity,10,4194304,256,1,128,128,"1,1,1",1,selection,0.048275878
warp-shuffle,uniform,identity,11,4194304,256,1,128,128,"1,1,1",1,selection,0.048294779
warp-shuffle,uniform,identity,12,4194304,256,1,128,128,"1,1,1",1,selection,0.048284879
warp-shuffle,uniform,identity,13,4194304,256,1,128,128,"1,1,1",1,selection,0.048286509
warp-shuffle,uniform,identity,14,4194304,256,1,128,128,"1,1,1",1,selection,0.048292059
warp-shuffle,uniform,identity,15,4194304,256,1,128,128,"1,1,1",1,selection,0.048286519
warp-shuffle,uniform,identity,16,4194304,256,1,128,128,"1,1,1",1,selection,0.048281309
warp-shuffle,uniform,identity,17,4194304,256,1,128,128,"1,1,1",1,selection,0.048300328
warp-shuffle,uniform,identity,18,4194304,256,1,128,128,"1,1,1",1,selection,0.048272219
warp-shuffle,uniform,identity,19,4194304,256,1,128,128,"1,1,1",1,selection,0.047268929
sort-in-registers,uniform,identity,10,4194304,256,1,256,128,"1,1,1",1,selection,0.037188158
sort-in-registers,uniform,identity,11,4194304,256,1,256,128,"1,1,1",1,selection,0.037194028
sort-in-registers,uniform,identity,12,4194304,256,1,256,128,"1,1,1",1,selection,0.037189239
sort-in-registers,uniform,identity,13,4194304,256,1,256,128,"1,1,1",1,selection,0.037190548
sort-in-registers,uniform,identity,14,4194304,256,1,256,128,"1,1,1",1,selection,0.037183799
sort-in-registers,uniform,identity,15,4194304,256,1,256,128,"1,1,1",1,selection,0.037188539
sort-in-registers,uniform,identity,16,4194304,256,1,256,128,"1,1,1",1,selection,0.037205358
sort-in-registers,uniform,identity,17,4194304,256,1,256,128,"1,1,1",1,selection,0.037197978
sort-in-registers,uniform,identity,18,4194304,256,1,256,128,"1,1,1",1,selection,0.037191248
sort-in-registers,uniform,identity,19,4194304,256,1,256,128,"1,1,1",1,selection,0.037190699
baseline,uniform,identity,10,4194304,256,1,256,256,"1,1,1",1,selection,0.070271831
baseline,uniform,identity,11,4194304,256,1,256,256,"1,1,1",1,selection,0.070272731
baseline,uniform,identity,12,4194304,256,1,256,256,"1,1,1",1,selection,0.070268051
baseline,uniform,identity,13,4194304,256,1,256,256,"1,1,1",1,selection,0.070269931
baseline,uniform,identity,14,4194304,256,1,256,256,"1,1,1",1,selection,0.070276931
baseline,uniform,identity,15,4194304,256,1,256,256,"1,1,1",1,selection,0.070265381
baseline,uniform,identity,16,4194304,256,1,256,256,"1,1,1",1,selection,0.070267861
baseline,uniform,identity,17,4194304,256,1,256,256,"1,1,1",1,selection,0.070266582
baseline,uniform,identity,18,4194304,256,1,256,256,"1,1,1",1,selection,0.070287161
baseline,uniform,identity,19,4194304,256,1,256,256,"1,1,1",1,selection,0.070270951
warp-shuffle,uniform,identity,10,4194304,256,1,512,256,"1,1,1",1,selection,0.034445248
warp-shuffle,uniform,identity,11,4194304,256,1,512,256,"1,1,1",1,selection,0.034429839
warp-shuffle,uniform,identity,12,4194304,256,1,512,256,"1,1,1",1,selection,0.034432269
warp-shuffle,uniform,identity,13,4194304,256,1,512,256,"1,1,1",1,selection,0.034431318
warp-shuffle,uniform,identity,14,4194304,256,1,512,256,"1,1,1",1,selection,0.034422638
warp-shuffle,uniform,identity,15,4194304,256,1,512,256,"1,1,1",1,selection,0.034436738
warp-shuffle,uniform,identity,16,4194304,256,1,512,256,"1,1,1",1,selection,0.034431208
warp-shuffle,uniform,identity,17,4194304,256,1,512,256,"1,1,1",1,selection,0.034425419
warp-shuffle,uniform,identity,18,4194304,256,1,512,256,"1,1,1",1,selection,0.034429719
warp-shuffle,uniform,identity,19,4194304,256,1,512,256,"1,1,1",1,selection,0.034430258
sort-in-registers,uniform,identity,10,4194304,256,1,128,256,"1,1,1",1,selection,0.032771797
sort-in-registers,uniform,identity,11,4194304,256,1,128,256,"1,1,1",1,selection,0.032767816
sort-in-registers,uniform,identity,12,4194304,256,1,128,256,"1,1,1",1,selection,0.032777426
sort-in-registers,uniform,identity,13,4194304,256,1,128,256,"1,1,1",1,selection,0.032765106
sort-in-registers,uniform,identity,14,4194304,256,1,128,256,"1,1,1",1,selection,0.032793196
sort-in-registers,uniform,identity,15,4194304,256,1,128,256,"1,1,1",1,selection,0.032763696
sort-in-registers,uniform,identity,16,4194304,256,1,128,256,"1,1,1",1,selection,0.032789636
sort-in-registers,uniform,identity,17,4194304,256,1,128,256,"1,1,1",1,selection,0.032767276
sort-in-registers,uniform,identity,18,4194304,256,1,128,256,"1,1,1",1,selection,0.032758926
sort-in-registers,uniform,identity,19,4194304,256,1,128,256,"1,1,1",1,selection,0.032772836
baseline,uniform,identity,10,4194304,256,1,256,512,"1,1,1",1,selection,0.052552553
baseline,uniform,identity,11,4194304,256,1,256,512,"1,1,1",1,selection,0.052552673
baseline,uniform,identity,12,4194304,256,1,256,512,"1,1,1",1,selection,0.052552403
baseline,uniform,identity,13,4194304,256,1,256,512,"1,1,1",1,selection,0.052562812
baseline,uniform,identity,14,4194304,256,1,256,512,"1,1,1",1,selection,0.052465153
baseline,uniform,identity,15,4194304,256,1,256,512,"1,1,1",1,selection,0.052451654
baseline,uniform,identity,16,4194304,256,1,256,512,"1,1,1",1,selection,0.054791239
baseline,uniform,identity,17,4194304,256,1,256,512,"1,1,1",1,selection,0.052477754
baseline,uniform,identity,18,4194304,256,1,256,512,"1,1,1",1,selection,0.052477753
baseline,uniform,identity,19,4194304,256,1,256,512,"1,1,1",1,selection,0.052453723
warp-shuffle,uniform,identity,10,4194304,256,1,512,512,"1,1,1",1,selection,0.031561859
warp-shuffle,uniform,identity,11,4194304,256,1,512,512,"1,1,1",1,selection,0.031570879
warp-shuffle,uniform,identity,12,4194304,256,1,512,512,"1,1,1",1,selection,0.03157036
warp-shuffle,uniform,identity,13,4194304,256,1,512,512,"1,1,1",1,selection,0.03156734
warp-shuffle,uniform,identity,14,4194304,256,1,512,512,"1,1,1",1,selection,0.031573999
warp-shuffle,uniform,identity,15,4194304,256,1,512,512,"1,1,1",1,selection,0.031571999
warp-shuffle,uniform,identity,16,4194304,256,1,512,512,"1,1,1",1,selection,0.031567499
warp-shuffle,uniform,identity,17,4194304,256,1,512,512,"1,1,1",1,selection,0.031564199
warp-shuffle,uniform,identity,18,4194304,256,1,512,512,"1,1,1",1,selection,0.031561489
warp-shuffle,uniform,identity,19,4194304,256,1,512,512,"1,1,1",1,selection,0.031570179
sort-in-registers,uniform,identity,10,4194304,256,1,128,512,"1,1,1",1,selection,0.029440532
sort-in-registers,uniform,identity,11,4194304,256,1,128,512,"1,1,1",1,selection,0.029464052
sort-in-registers,uniform,identity,12,4194304,256,1,128,512,"1,1,1",1,selection,0.029458542
sort-in-registers,uniform,identity,13,4194304,256,1,128,512,"1,1,1",1,selection,0.029476302
sort-in-registers,uniform,identity,14,4194304,256,1,128,512,"1,1,1",1,selection,0.029468371
sort-in-registers,uniform,identity,15,4194304,256,1,128,512,"1,1,1",1,selection,0.029460022
sort-in-registers,uniform,identity,16,4194304,256,1,128,512,"1,1,1",1,selection,0.029467892
sort-in-registers,uniform,identity,17,4194304,256,1,128,512,"1,1,1",1,selection,0.029448502
sort-in-registers,uniform,identity,18,4194304,256,1,128,512,"1,1,1",1,selection,0.029458732
sort-in-registers,uniform,identity,19,4194304,256,1,128,512,"1,1,1",1,selection,0.029469532
baseline,uniform,identity,10,4194304,256,1,512,1024,"1,1,1",1,selection,0.053150726
baseline,uniform,identity,11,4194304,256,1,512,1024,"1,1,1",1,selection,0.053138336
baseline,uniform,identity,12,4194304,256,1,512,1024,"1,1,1",1,selection,0.053144076
baseline,uniform,identity,13,4194304,256,1,512,1024,"1,1,1",1,selection,0.053134886
baseline,uniform,identity,14,4194304,256,1,512,1024,"1,1,1",1,selection,0.053145766
baseline,uniform,identity,15,4194304,256,1,512,1024,"1,1,1",1,selection,0.053185426
baseline,uniform,identity,16,4194304,256,1,512,1024,"1,1,1",1,selection,0.053136616
baseline,uniform,identity,17,4194304,256,1,512,1024,"1,1,1",1,selection,0.053138886
baseline,uniform,identity,18,4194304,256,1,512,1024,"1,1,1",1,selection,0.053141126
baseline,uniform,identity,19,4194304,256,1,512,1024,"1,1,1",1,selection,0.053156677
warp-shuffle,uniform,identity,10,4194304,256,1,256,1024,"1,1,1",1,selection,0.038132788
warp-shuffle,uniform,identity,11,4194304,256,1,256,1024,"1,1,1",1,selection,0.038137448
warp-shuffle,uniform,identity,12,4194304,256,1,256,1024,"1,1,1",1,selection,0.038140188
warp-shuffle,uniform,identity,13,4194304,256,1,256,1024,"1,1,1",1,selection,0.038133668
warp-shuffle,uniform,identity,14,4194304,256,1,256,1024,"1,1,1",1,selection,0.038138988
warp-shuffle,uniform,identity,15,4194304,256,1,256,1024,"1,1,1",1,selection,0.038138838
warp-shuffle,uniform,identity,16,4194304,256,1,256,1024,"1,1,1",1,selection,0.038136438
warp-shuffle,uniform,identity,17,4194304,256,1,256,1024,"1,1,1",1,selection,0.038161168
warp-shuffle,uniform,identity,18,4194304,256,1,256,1024,"1,1,1",1,selection,0.038149129
warp-shuffle,uniform,identity,19,4194304,256,1,256,1024,"1,1,1",1,selection,0.038143499
sort-in-registers,uniform,identity,10,4194304,256,1,128,1024,"1,1,1",1,selection,0.028329615
sort-in-registers,uniform,identity,11,4194304,256,1,128,1024,"1,1,1",1,selection,0.028320005
sort-in-registers,uniform,identity,12,4194304,256,1,128,1024,"1,1,1",1,selection,0.028327114
sort-in-registers,uniform,identity,13,4194304,256,1,128,1024,"1,1,1",1,selection,0.028322705
sort-in-registers,uniform,identity,14,4194304,256,1,128,1024,"1,1,1",1,selection,0.028320564
sort-in-registers,uniform,identity,15,4194304,256,1,128,1024,"1,1,1",1,selection,0.028329194
sort-in-registers,uniform,identity,16,4194304,256,1,128,1024,"1,1,1",1,selection,0.028320374
sort-in-registers,uniform,identity,17,4194304,256,1,128,1024,"1,1,1",1,selection,0.028327225
sort-in-registers,uniform,identity,18,4194304,256,1,128,1024,"1,1,1",1,selection,0.028328814
sort-in-registers,uniform,identity,19,4194304,256,1,128,1024,"1,1,1",1,selection,0.028318835
baseline,uniform,identity,10,4194304,256,1,512,2048,"1,1,1",1,selection,0.057045653
baseline,uniform,identity,11,4194304,256,1,512,2048,"1,1,1",1,selection,0.057036775
baseline,uniform,identity,12,4194304,256,1,512,2048,"1,1,1",1,selection,0.057029034
baseline,uniform,identity,13,4194304,256,1,512,2048,"1,1,1",1,selection,0.057009014
baseline,uniform,identity,14,4194304,256,1,512,2048,"1,1,1",1,selection,0.057007824
baseline,uniform,identity,15,4194304,256,1,512,2048,"1,1,1",1,selection,0.057012475
baseline,uniform,identity,16,4194304,256,1,512,2048,"1,1,1",1,selection,0.057028064
baseline,uniform,identity,17,4194304,256,1,512,2048,"1,1,1",1,selection,0.057019025
baseline,uniform,identity,18,4194304,256,1,512,2048,"1,1,1",1,selection,0.057008624
baseline,uniform,identity,19,4194304,256,1,512,2048,"1,1,1",1,selection,0.057005264
warp-shuffle,uniform,identity,10,4194304,256,1,256,2048,"1,1,1",1,selection,0.043414131
warp-shuffle,uniform,identity,11,4194304,256,1,256,2048,"1,1,1",1,selection,0.043406621
warp-shuffle,uniform,identity,12,4194304,256,1,256,2048,"1,1,1",1,selection,0.043405801
warp-shuffle,uniform,identity,13,4194304,256,1,256,2048,"1,1,1",1,selection,0.043420261
warp-shuffle,uniform,identity,14,4194304,256,1,256,2048,"1,1,1",1,selection,0.043414181
warp-shuffle,uniform,identity,15,4194304,256,1,256,2048,"1,1,1",1,selection,0.043417851
warp-shuffle,uniform,identity,16,4194304,256,1,256,2048,"1,1,1",1,selection,0.043405231
warp-shuffle,uniform,identity,17,4194304,256,1,256,2048,"1,1,1",1,selection,0.043409421
warp-shuffle,uniform,identity,18,4194304,256,1,256,2048,"1,1,1",1,selection,0.043415221
warp-shuffle,uniform,identity,19,4194304,256,1,256,2048,"1,1,1",1,selection,0.043413782
sort-in-registers,uniform,identity,10,4194304,256,1,128,2048,"1,1,1",1,selection,0.030218413
sort-in-registers,uniform,identity,11,4194304,256,1,128,2048,"1,1,1",1,selection,0.030170654
sort-in-registers,uniform,identity,12,4194304,256,1,128,2048,"1,1,1",1,selection,0.029901117
sort-in-registers,uniform,identity,13,4194304,256,1,128,2048,"1,1,1",1,selection,0.029961647
sort-in-registers,uniform,identity,14,4194304,256,1,128,2048,"1,1,1",1,selection,0.030172394
sort-in-registers,uniform,identity,15,4194304,256,1,128,2048,"1,1,1",1,selection,0.030202483
sort-in-registers,uniform,identity,16,4194304,256,1,128,2048,"1,1,1",1,selection,0.029800108
sort-in-registers,uniform,identity,17,4194304,256,1,128,2048,"1,1,1",1,selection,0.029812507
sort-in-registers,uniform,identity,18,4194304,256,1,128,2048,"1,1,1",1,selection,0.02968813
sort-in-registers,uniform,identity,19,4194304,256,1,128,2048,"1,1,1",1,selection,0.029783439
baseline,uniform,identity,10,1048576,1024,1,64,32,"1,1,1",1,selection,0.072388678
baseline,uniform,identity,11,1048576,1024,1,64,32,"1,1,1",1,selection,0.07237974799999998
baseline,uniform,identity,12,1048576,1024,1,64,32,"1,1,1",1,selection,0.07239176799999998
baseline,uniform,identity,13,1048576,1024,1,64,32,"1,1,1",1,selection,0.072374698
baseline,uniform,identity,14,1048576,1024,1,64,32,"1,1,1",1,selection,0.07237958799999998
baseline,uniform,identity,15,1048576,1024,1,64,32,"1,1,1",1,selection,0.07237560899999998
baseline,uniform,identity,16,1048576,1024,1,64,32,"1,1,1",1,selection,0.07238148799999998
baseline,uniform,identity,17,1048576,1024,1,64,32,"1,1,1",1,selection,0.07238939799999998
baseline,uniform,identity,18,1048576,1024,1,64,32,"1,1,1",1,selection,0.072379018
baseline,uniform,identity,19,1048576,1024,1,64,32,"1,1,1",1,selection,0.07238348899999998
warp-shuffle,uniform,identity,10,1048576,1024,1,128,32,"1,1,1",1,selection,0.033921884
warp-shuffle,uniform,identity,11,1048576,1024,1,128,32,"1,1,1",1,selection,0.033931813
warp-shuffle,uniform,identity,12,1048576,1024,1,128,32,"1,1,1",1,selection,0.033923904
warp-shuffle,uniform,identity,13,1048576,1024,1,128,32,"1,1,1",1,selection,0.033929654
warp-shuffle,uniform,identity,14,1048576,1024,1,128,32,"1,1,1",1,selection,0.033922694
warp-shuffle,uniform,identity,15,1048576,1024,1,128,32,"1,1,1",1,selection,0.033915334
warp-shuffle,uniform,identity,16,1048576,1024,1,128,32,"1,1,1",1,selection,0.033922603
warp-shuffle,uniform,identity,17,1048576,1024,1,128,32,"1,1,1",1,selection,0.033928694
warp-shuffle,uniform,identity,18,1048576,1024,1,128,32,"1,1,1",1,selection,0.033924174
warp-shuffle,uniform,identity,19,1048576,1024,1,128,32,"1,1,1",1,selection,0.033920354
sort-in-registers,uniform,identity,10,1048576,1024,1,128,32,"1,1,1",1,selection,0.017293453
sort-in-registers,uniform,identity,11,1048576,1024,1,128,32,"1,1,1",1,selection,0.017290543
sort-in-registers,uniform,identity,12,1048576,1024,1,128,32,"1,1,1",1,selection,0.017288944
sort-in-registers,uniform,identity,13,1048576,1024,1,128,32,"1,1,1",1,selection,0.017288463
sort-in-registers,uniform,identity,14,1048576,1024,1,128,32,"1,1,1",1,selection,0.017293273
sort-in-registers,uniform,identity,15,1048576,1024,1,128,32,"1,1,1",1,selection,0.017291723
sort-in-registers,uniform,identity,16,1048576,1024,1,128,32,"1,1,1",1,selection,0.017291073
sort-in-registers,uniform,identity,17,1048576,1024,1,128,32,"1,1,1",1,selection,0.017302494
sort-in-registers,uniform,identity,18,1048576,1024,1,128,32,"1,1,1",1,selection,0.017292383
sort-in-registers,uniform,identity,19,1048576,1024,1,128,32,"1,1,1",1,selection,0.017292553
baseline,uniform,identity,10,1048576,1024,1,64,64,"1,1,1",1,selection,0.043017135
baseline,uniform,identity,11,1048576,1024,1,64,64,"1,1,1",1,selection,0.043022095
baseline,uniform,identity,12,1048576,1024,1,64,64,"1,1,1",1,selection,0.043009466
baseline,uniform,identity,13,1048576,1024,1,64,64,"1,1,1",1,selection,0.043023975
baseline,uniform,identity,14,1048576,1024,1,64,64,"1,1,1",1,selection,0.043014445
baseline,uniform,identity,15,1048576,1024,1,64,64,"1,1,1",1,selection,0.043020196
baseline,uniform,identity,16,1048576,1024,1,64,64,"1,1,1",1,selection,0.043019665
baseline,uniform,identity,17,1048576,1024,1,64,64,"1,1,1",1,selection,0.043018126
baseline,uniform,identity,18,1048576,1024,1,64,64,"1,1,1",1,selection,0.043022465
baseline,uniform,identity,19,1048576,1024,1,64,64,"1,1,1",1,selection,0.043028806
warp-shuffle,uniform,identity,10,1048576,1024,1,64,64,"1,1,1",1,selection,0.018864227
warp-shuffle,uniform,identity,11,1048576,1024,1,64,64,"1,1,1",1,selection,0.018854307
warp-shuffle,uniform,identity,12,1048576,1024,1,64,64,"1,1,1",1,selection,0.018861417
warp-shuffle,uniform,identity,13,1048576,1024,1,64,64,"1,1,1",1,selection,0.018861056
warp-shuffle,uniform,identity,14,1048576,1024,1,64,64,"1,1,1",1,selection,0.018853736
warp-shuffle,uniform,identity,15,1048576,1024,1,64,64,"1,1,1",1,selection,0.018849147
warp-shuffle,uniform,identity,16,1048576,1024,1,64,64,"1,1,1",1,selection,0.018848887
warp-shuffle,uniform,identity,17,1048576,1024,1,64,64,"1,1,1",1,selection,0.018858967
warp-shuffle,uniform,identity,18,1048576,1024,1,64,64,"1,1,1",1,selection,0.018855246
warp-shuffle,uniform,identity,19,1048576,1024,1,64,64,"1,1,1",1,selection,0.018859207
sort-in-registers,uniform,identity,10,1048576,1024,1,128,64,"1,1,1",1,selection,0.017296013
sort-in-registers,uniform,identity,11,1048576,1024,1,128,64,"1,1,1",1,selection,0.017299263
sort-in-registers,uniform,identity,12,1048576,1024,1,128,64,"1,1,1",1,selection,0.017299433
sort-in-registers,uniform,identity,13,1048576,1024,1,128,64,"1,1,1",1,selection,0.017285183
sort-in-registers,uniform,identity,14,1048576,1024,1,128,64,"1,1,1",1,selection,0.017300074
sort-in-registers,uniform,identity,15,1048576,1024,1,128,64,"1,1,1",1,selection,0.017296113
sort-in-registers,uniform,identity,16,1048576,1024,1,128,64,"1,1,1",1,selection,0.017292113
sort-in-registers,uniform,identity,17,1048576,1024,1,128,64,"1,1,1",1,selection,0.017295724
sort-in-registers,uniform,identity,18,1048576,1024,1,128,64,"1,1,1",1,selection,0.017287814
sort-in-registers,uniform,identity,19,1048576,1024,1,128,64,"1,1,1",1,selection,0.017289133
baseline,uniform,identity,10,1048576,1024,1,128,128,"1,1,1",1,selection,0.029303674
baseline,uniform,identity,11,1048576,1024,1,128,128,"1,1,1",1,selection,0.029301794
baseline,uniform,identity,12,1048576,1024,1,128,128,"1,1,1",1,selection,0.029306233
baseline,uniform,identity,13,1048576,1024,1,128,128,"1,1,1",1,selection,0.029308833
baseline,uniform,identity,14,1048576,1024,1,128,128,"1,1,1",1,selection,0.029303234
baseline,uniform,identity,15,1048576,1024,1,128,128,"1,1,1",1,selection,0.029315214
baseline,uniform,identity,16,1048576,1024,1,128,128,"1,1,1",1,selection,0.029306334
baseline,uniform,identity,17,1048576,1024,1,128,128,"1,1,1",1,selection,0.029310154
baseline,uniform,identity,18,1048576,1024,1,128,128,"1,1,1",1,selection,0.029304214
baseline,uniform,identity,19,1048576,1024,1,128,128,"1,1,1",1,selection,0.029305913
warp-shuffle,uniform,identity,10,1048576,1024,1,128,128,"1,1,1",1,selection,0.015431933
warp-shuffle,uniform,identity,11,1048576,1024,1,128,128,"1,1,1",1,selection,0.015434874
warp-shuffle,uniform,identity,12,1048576,1024,1,128,128,"1,1,1",1,selection,0.015432563
warp-shuffle,uniform,identity,13,1048576,1024,1,128,128,"1,1,1",1,selection,0.015431913
warp-shuffle,uniform,identity,14,1048576,1024,1,128,128,"1,1,1",1,selection,0.015435593
warp-shuffle,uniform,identity,15,1048576,1024,1,128,128,"1,1,1",1,selection,0.015431684
warp-shuffle,uniform,identity,16,1048576,1024,1,128,128,"1,1,1",1,selection,0.015425014
warp-shuffle,uniform,identity,17,1048576,1024,1,128,128,"1,1,1",1,selection,0.015428323
warp-shuffle,uniform,identity,18,1048576,1024,1,128,128,"1,1,1",1,selection,0.015433803
warp-shuffle,uniform,identity,19,1048576,1024,1,128,128,"1,1,1",1,selection,0.015428434
sort-in-registers,uniform,identity,10,1048576,1024,1,64,128,"1,1,1",1,selection,0.013152488
sort-in-registers,uniform,identity,11,1048576,1024,1,64,128,"1,1,1",1,selection,0.013148428
sort-in-registers,uniform,identity,12,1048576,1024,1,64,128,"1,1,1",1,selection,0.013164257
sort-in-registers,uniform,identity,13,1048576,1024,1,64,128,"1,1,1",1,selection,0.013154848
sort-in-registers,uniform,identity,14,1048576,1024,1,64,128,"1,1,1",1,selection,0.013158728
sort-in-registers,uniform,identity,15,1048576,1024,1,64,128,"1,1,1",1,selection,0.013153788
sort-in-registers,uniform,identity,16,1048576,1024,1,64,128,"1,1,1",1,selection,0.013155508
sort-in-registers,uniform,identity,17,1048576,1024,1,64,128,"1,1,1",1,selection,0.013162538
sort-in-registers,uniform,identity,18,1048576,1024,1,64,128,"1,1,1",1,selection,0.013152168
sort-in-registers,uniform,identity,19,1048576,1024,1,64,128,"1,1,1",1,selection,0.013160488
baseline,uniform,identity,10,1048576,1024,1,128,256,"1,1,1",1,selection,0.026965309
baseline,uniform,identity,11,1048576,1024,1,128,256,"1,1,1",1,selection,0.026967759
baseline,uniform,identity,12,1048576,1024,1,128,256,"1,1,1",1,selection,0.026967559
baseline,uniform,identity,13,1048576,1024,1,128,256,"1,1,1",1,selection,0.026962599
baseline,uniform,identity,14,1048576,1024,1,128,256,"1,1,1",1,selection,0.026960738
baseline,uniform,identity,15,1048576,1024,1,128,256,"1,1,1",1,selection,0.026962998
baseline,uniform,identity,16,1048576,1024,1,128,256,"1,1,1",1,selection,0.026959419
baseline,uniform,identity,17,1048576,1024,1,128,256,"1,1,1",1,selection,0.026966599
baseline,uniform,identity,18,1048576,1024,1,128,256,"1,1,1",1,selection,0.026961619
baseline,uniform,identity,19,1048576,1024,1,128,256,"1,1,1",1,selection,0.026963659
warp-shuffle,uniform,identity,10,1048576,1024,1,128,256,"1,1,1",1,selection,0.018732748
warp-shuffle,uniform,identity,11,1048576,1024,1,128,256,"1,1,1",1,selection,0.018734978
warp-shuffle,uniform,identity,12,1048576,1024,1,128,256,"1,1,1",1,selection,0.018735928
warp-shuffle,uniform,identity,13,1048576,1024,1,128,256,"1,1,1",1,selection,0.018740838
warp-shuffle,uniform,identity,14,1048576,1024,1,128,256,"1,1,1",1,selection,0.018733398
warp-shuffle,uniform,identity,15,1048576,1024,1,128,256,"1,1,1",1,selection,0.018738728
warp-shuffle,uniform,identity,16,1048576,1024,1,128,256,"1,1,1",1,selection,0.018745258
warp-shuffle,uniform,identity,17,1048576,1024,1,128,256,"1,1,1",1,selection,0.018741198
warp-shuffle,uniform,identity,18,1048576,1024,1,128,256,"1,1,1",1,selection,0.018739848
warp-shuffle,uniform,identity,19,1048576,1024,1,128,256,"1,1,1",1,selection,0.018738868
sort-in-registers,uniform,identity,10,1048576,1024,1,64,256,"1,1,1",1,selection,0.013747351
sort-in-registers,uniform,identity,11,1048576,1024,1,64,256,"1,1,1",1,selection,0.013749261
sort-in-registers,uniform,identity,12,1048576,1024,1,64,256,"1,1,1",1,selection,0.013750151
sort-in-registers,uniform,identity,13,1048576,1024,1,64,256,"1,1,1",1,selection,0.013759151
sort-in-registers,uniform,identity,14,1048576,1024,1,64,256,"1,1,1",1,selection,0.013753852
sort-in-registers,uniform,identity,15,1048576,1024,1,64,256,"1,1,1",1,selection,0.013749912
sort-in-registers,uniform,identity,16,1048576,1024,1,64,256,"1,1,1",1,selection,0.013752212
sort-in-registers,uniform,identity,17,1048576,1024,1,64,256,"1,1,1",1,selection,0.013748782
sort-in-registers,uniform,identity,18,1048576,1024,1,64,256,"1,1,1",1,selection,0.013750921
sort-in-registers,uniform,identity,19,1048576,1024,1,64,256,"1,1,1",1,selection,0.013751692
baseline,uniform,identity,10,1048576,1024,1,128,512,"1,1,1",1,selection,0.03059923
baseline,uniform,identity,11,1048576,1024,1,128,512,"1,1,1",1,selection,0.03059867
baseline,uniform,identity,12,1048576,1024,1,128,512,"1,1,1",1,selection,0.030602799
baseline,uniform,identity,13,1048576,1024,1,128,512,"1,1,1",1,selection,0.030606369
baseline,uniform,identity,14,1048576,1024,1,128,512,"1,1,1",1,selection,0.03059854
baseline,uniform,identity,15,1048576,1024,1,128,512,"1,1,1",1,selection,0.03060606
baseline,uniform,identity,16,1048576,1024,1,128,512,"1,1,1",1,selection,0.03059316
baseline,uniform,identity,17,1048576,1024,1,128,512,"1,1,1",1,selection,0.030594179
baseline,uniform,identity,18,1048576,1024,1,128,512,"1,1,1",1,selection,0.030610409
baseline,uniform,identity,19,1048576,1024,1,128,512,"1,1,1",1,selection,0.030613159
warp-shuffle,uniform,identity,10,1048576,1024,1,256,512,"1,1,1",1,selection,0.022546397
warp-shuffle,uniform,identity,11,1048576,1024,1,256,512,"1,1,1",1,selection,0.022539207
warp-shuffle,uniform,identity,12,1048576,1024,1,256,512,"1,1,1",1,selection,0.022542817
warp-shuffle,uniform,identity,13,1048576,1024,1,256,512,"1,1,1",1,selection,0.022547366
warp-shuffle,uniform,identity,14,1048576,1024,1,256,512,"1,1,1",1,selection,0.022539007
warp-shuffle,uniform,identity,15,1048576,1024,1,256,512,"1,1,1",1,selection,0.022540427
warp-shuffle,uniform,identity,16,1048576,1024,1,256,512,"1,1,1",1,selection,0.022544597
warp-shuffle,uniform,identity,17,1048576,1024,1,256,512,"1,1,1",1,selection,0.022540077
warp-shuffle,uniform,identity,18,1048576,1024,1,256,512,"1,1,1",1,selection,0.022544356
warp-shuffle,uniform,identity,19,1048576,1024,1,256,512,"1,1,1",1,selection,0.022543516
sort-in-registers,uniform,identity,10,1048576,1024,1,64,512,"1,1,1",1,selection,0.012627303
sort-in-registers,uniform,identity,11,1048576,1024,1,64,512,"1,1,1",1,selection,0.012629013
sort-in-registers,uniform,identity,12,1048576,1024,1,64,512,"1,1,1",1,selection,0.012627133
sort-in-registers,uniform,identity,13,1048576,1024,1,64,512,"1,1,1",1,selection,0.012631324
sort-in-registers,uniform,identity,14,1048576,1024,1,64,512,"1,1,1",1,selection,0.012624713
sort-in-registers,uniform,identity,15,1048576,1024,1,64,512,"1,1,1",1,selection,0.012630783
sort-in-registers,uniform,identity,16,1048576,1024,1,64,512,"1,1,1",1,selection,0.012627903
sort-in-registers,uniform,identity,17,1048576,1024,1,64,512,"1,1,1",1,selection,0.012627253
sort-in-registers,uniform,identity,18,1048576,1024,1,64,512,"1,1,1",1,selection,0.012625953
sort-in-registers,uniform,identity,19,1048576,1024,1,64,512,"1,1,1",1,selection,0.012629304
baseline,uniform,identity,10,1048576,1024,1,256,1024,"1,1,1",1,selection,0.035786733
baseline,uniform,identity,11,1048576,1024,1,256,1024,"1,1,1",1,selection,0.035783513
baseline,uniform,identity,12,1048576,1024,1,256,1024,"1,1,1",1,selection,0.035781424
baseline,uniform,identity,13,1048576,1024,1,256,1024,"1,1,1",1,selection,0.035767944
baseline,uniform,identity,14,1048576,1024,1,256,1024,"1,1,1",1,selection,0.035775694
baseline,uniform,identity,15,1048576,1024,1,256,1024,"1,1,1",1,selection,0.035780874
baseline,uniform,identity,16,1048576,1024,1,256,1024,"1,1,1",1,selection,0.035787303
baseline,uniform,identity,17,1048576,1024,1,256,1024,"1,1,1",1,selection,0.035776884
baseline,uniform,identity,18,1048576,1024,1,256,1024,"1,1,1",1,selection,0.035775204
baseline,uniform,identity,19,1048576,1024,1,256,1024,"1,1,1",1,selection,0.035775784
warp-shuffle,uniform,identity,10,1048576,1024,1,256,1024,"1,1,1",1,selection,0.026683532
warp-shuffle,uniform,identity,11,1048576,1024,1,256,1024,"1,1,1",1,selection,0.026678752
warp-shuffle,uniform,identity,12,1048576,1024,1,256,1024,"1,1,1",1,selection,0.026679511
warp-shuffle,uniform,identity,13,1048576,1024,1,256,1024,"1,1,1",1,selection,0.026676992
warp-shuffle,uniform,identity,14,1048576,1024,1,256,1024,"1,1,1",1,selection,0.026678612
warp-shuffle,uniform,identity,15,1048576,1024,1,256,1024,"1,1,1",1,selection,0.026680432
warp-shuffle,uniform,identity,16,1048576,1024,1,256,1024,"1,1,1",1,selection,0.026681862
warp-shuffle,uniform,identity,17,1048576,1024,1,256,1024,"1,1,1",1,selection,0.026675502
warp-shuffle,uniform,identity,18,1048576,1024,1,256,1024,"1,1,1",1,selection,0.026684822
warp-shuffle,uniform,identity,19,1048576,1024,1,256,1024,"1,1,1",1,selection,0.026685762
sort-in-registers,uniform,identity,10,1048576,1024,1,64,1024,"1,1,1",1,selection,0.013936979
sort-in-registers,uniform,identity,11,1048576,1024,1,64,1024,"1,1,1",1,selection,0.01383781
sort-in-registers,uniform,identity,12,1048576,1024,1,64,1024,"1,1,1",1,selection,0.01395351
sort-in-registers,uniform,identity,13,1048576,1024,1,64,1024,"1,1,1",1,selection,0.01389777
sort-in-registers,uniform,identity,14,1048576,1024,1,64,1024,"1,1,1",1,selection,0.01391363
sort-in-registers,uniform,identity,15,1048576,1024,1,64,1024,"1,1,1",1,selection,0.013847451
sort-in-registers,uniform,identity,16,1048576,1024,1,64,1024,"1,1,1",1,selection,0.01389654
sort-in-registers,uniform,identity,17,1048576,1024,1,64,1024,"1,1,1",1,selection,0.01388682
sort-in-registers,uniform,identity,18,1048576,1024,1,64,1024,"1,1,1",1,selection,0.01385059
sort-in-registers,uniform,identity,19,1048576,1024,1,64,1024,"1,1,1",1,selection,0.013947829
baseline,uniform,identity,10,1048576,1024,1,512,2048,"1,1,1",1,selection,0.040011668
baseline,uniform,identity,11,1048576,1024,1,512,2048,"1,1,1",1,selection,0.040006397
baseline,uniform,identity,12,1048576,1024,1,512,2048,"1,1,1",1,selection,0.040005068
baseline,uniform,identity,13,1048576,1024,1,512,2048,"1,1,1",1,selection,0.040009878
baseline,uniform,identity,14,1048576,1024,1,512,2048,"1,1,1",1,selection,0.040016419
baseline,uniform,identity,15,1048576,1024,1,512,2048,"1,1,1",1,selection,0.040002378
baseline,uniform,identity,16,1048576,1024,1,512,2048,"1,1,1",1,selection,0.040006638
baseline,uniform,identity,17,1048576,1024,1,512,2048,"1,1,1",1,selection,0.040008708
baseline,uniform,identity,18,1048576,1024,1,512,2048,"1,1,1",1,selection,0.040020158
baseline,uniform,identity,19,1048576,1024,1,512,2048,"1,1,1",1,selection,0.039999758
warp-shuffle,uniform,identity,10,1048576,1024,1,256,2048,"1,1,1",1,selection,0.03237666
warp-shuffle,uniform,identity,11,1048576,1024,1,256,2048,"1,1,1",1,selection,0.03236514
warp-shuffle,uniform,identity,12,1048576,1024,1,256,2048,"1,1,1",1,selection,0.032357851
warp-shuffle,uniform,identity,13,1048576,1024,1,256,2048,"1,1,1",1,selection,0.032368591
warp-shuffle,uniform,identity,14,1048576,1024,1,256,2048,"1,1,1",1,selection,0.032363291
warp-shuffle,uniform,identity,15,1048576,1024,1,256,2048,"1,1,1",1,selection,0.032370141
warp-shuffle,uniform,identity,16,1048576,1024,1,256,2048,"1,1,1",1,selection,0.032363221
warp-shuffle,uniform,identity,17,1048576,1024,1,256,2048,"1,1,1",1,selection,0.032355221
warp-shuffle,uniform,identity,18,1048576,1024,1,256,2048,"1,1,1",1,selection,0.032359531
warp-shuffle,uniform,identity,19,1048576,1024,1,256,2048,"1,1,1",1,selection,0.03236853
sort-in-registers,uniform,identity,10,1048576,1024,1,128,2048,"1,1,1",1,selection,0.019047045
sort-in-registers,uniform,identity,11,1048576,1024,1,128,2048,"1,1,1",1,selection,0.019015815
sort-in-registers,uniform,identity,12,1048576,1024,1,128,2048,"1,1,1",1,selection,0.019037505
sort-in-registers,uniform,identity,13,1048576,1024,1,128,2048,"1,1,1",1,selection,0.019031125
sort-in-registers,uniform,identity,14,1048576,1024,1,128,2048,"1,1,1",1,selection,0.019033534
sort-in-registers,uniform,identity,15,1048576,1024,1,128,2048,"1,1,1",1,selection,0.019039925
sort-in-registers,uniform,identity,16,1048576,1024,1,128,2048,"1,1,1",1,selection,0.019053744
sort-in-registers,uniform,identity,17,1048576,1024,1,128,2048,"1,1,1",1,selection,0.019040114
sort-in-registers,uniform,identity,18,1048576,1024,1,128,2048,"1,1,1",1,selection,0.019030745
sort-in-registers,uniform,identity,19,1048576,1024,1,128,2048,"1,1,1",1,selection,0.019036074
baseline,uniform,identity,10,262144,4096,1,64,32,"1,1,1",1,selection,0.031930196
baseline,uniform,identity,11,262144,4096,1,64,32,"1,1,1",1,selection,0.031933855
baseline,uniform,identity,12,262144,4096,1,64,32,"1,1,1",1,selection,0.031934275
baseline,uniform,identity,13,262144,4096,1,64,32,"1,1,1",1,selection,0.031930616
baseline,uniform,identity,14,262144,4096,1,64,32,"1,1,1",1,selection,0.031932605
baseline,uniform,identity,15,262144,4096,1,64,32,"1,1,1",1,selection,0.031928746
baseline,uniform,identity,16,262144,4096,1,64,32,"1,1,1",1,selection,0.031934495
baseline,uniform,identity,17,262144,4096,1,64,32,"1,1,1",1,selection,0.031933295
baseline,uniform,identity,18,262144,4096,1,64,32,"1,1,1",1,selection,0.031929645
baseline,uniform,identity,19,262144,4096,1,64,32,"1,1,1",1,selection,0.031929545
warp-shuffle,uniform,identity,10,262144,4096,1,64,32,"1,1,1",1,selection,0.017705589
warp-shuffle,uniform,identity,11,262144,4096,1,64,32,"1,1,1",1,selection,0.017704619
warp-shuffle,uniform,identity,12,262144,4096,1,64,32,"1,1,1",1,selection,0.017702569
warp-shuffle,uniform,identity,13,262144,4096,1,64,32,"1,1,1",1,selection,0.017691438
warp-shuffle,uniform,identity,14,262144,4096,1,64,32,"1,1,1",1,selection,0.017689059
warp-shuffle,uniform,identity,15,262144,4096,1,64,32,"1,1,1",1,selection,0.017707299
warp-shuffle,uniform,identity,16,262144,4096,1,64,32,"1,1,1",1,selection,0.017708969
warp-shuffle,uniform,identity,17,262144,4096,1,64,32,"1,1,1",1,selection,0.017702369
warp-shuffle,uniform,identity,18,262144,4096,1,64,32,"1,1,1",1,selection,0.017715279
warp-shuffle,uniform,identity,19,262144,4096,1,64,32,"1,1,1",1,selection,0.017700069
sort-in-registers,uniform,identity,10,262144,4096,1,64,32,"1,1,1",1,selection,0.012099279
sort-in-registers,uniform,identity,11,262144,4096,1,64,32,"1,1,1",1,selection,0.012095109
sort-in-registers,uniform,identity,12,262144,4096,1,64,32,"1,1,1",1,selection,0.012094329
sort-in-registers,uniform,identity,13,262144,4096,1,64,32,"1,1,1",1,selection,0.012099499
sort-in-registers,uniform,identity,14,262144,4096,1,64,32,"1,1,1",1,selection,0.012093909
sort-in-registers,uniform,identity,15,262144,4096,1,64,32,"1,1,1",1,selection,0.012103039
sort-in-registers,uniform,identity,16,262144,4096,1,64,32,"1,1,1",1,selection,0.012094919
sort-in-registers,uniform,identity,17,262144,4096,1,64,32,"1,1,1",1,selection,0.012094649
sort-in-registers,uniform,identity,18,262144,4096,1,64,32,"1,1,1",1,selection,0.012097289
sort-in-registers,uniform,identity,19,262144,4096,1,64,32,"1,1,1",1,selection,0.012097049
baseline,uniform,identity,10,262144,4096,1,64,64,"1,1,1",1,selection,0.023065411
baseline,uniform,identity,11,262144,4096,1,64,64,"1,1,1",1,selection,0.023064761
baseline,uniform,identity,12,262144,4096,1,64,64,"1,1,1",1,selection,0.023062481
baseline,uniform,identity,13,262144,4096,1,64,64,"1,1,1",1,selection,0.023065481
baseline,uniform,identity,14,262144,4096,1,64,64,"1,1,1",1,selection,0.023066361
baseline,uniform,identity,15,262144,4096,1,64,64,"1,1,1",1,selection,0.023063881
baseline,uniform,identity,16,262144,4096,1,64,64,"1,1,1",1,selection,0.023069811
baseline,uniform,identity,17,262144,4096,1,64,64,"1,1,1",1,selection,0.023067141
baseline,uniform,identity,18,262144,4096,1,64,64,"1,1,1",1,selection,0.023066251
baseline,uniform,identity,19,262144,4096,1,64,64,"1,1,1",1,selection,0.023064231
warp-shuffle,uniform,identity,10,262144,4096,1,64,64,"1,1,1",1,selection,0.01204038
warp-shuffle,uniform,identity,11,262144,4096,1,64,64,"1,1,1",1,selection,0.01203966
warp-shuffle,uniform,identity,12,262144,4096,1,64,64,"1,1,1",1,selection,0.012043689
warp-shuffle,uniform,identity,13,262144,4096,1,64,64,"1,1,1",1,selection,0.01203907
warp-shuffle,uniform,identity,14,262144,4096,1,64,64,"1,1,1",1,selection,0.01203918
warp-shuffle,uniform,identity,15,262144,4096,1,64,64,"1,1,1",1,selection,0.01203871
warp-shuffle,uniform,identity,16,262144,4096,1,64,64,"1,1,1",1,selection,0.01203939
warp-shuffle,uniform,identity,17,262144,4096,1,64,64,"1,1,1",1,selection,0.0120388
warp-shuffle,uniform,identity,18,262144,4096,1,64,64,"1,1,1",1,selection,0.01204058
warp-shuffle,uniform,identity,19,262144,4096,1,64,64,"1,1,1",1,selection,0.01204354
sort-in-registers,uniform,identity,10,262144,4096,1,64,64,"1,1,1",1,selection,0.012103699
sort-in-registers,uniform,identity,11,262144,4096,1,64,64,"1,1,1",1,selection,0.012105359
sort-in-registers,uniform,identity,12,262144,4096,1,64,64,"1,1,1",1,selection,0.012097159
sort-in-registers,uniform,identity,13,262144,4096,1,64,64,"1,1,1",1,selection,0.012100949
sort-in-registers,uniform,identity,14,262144,4096,1,64,64,"1,1,1",1,selection,0.012100549
sort-in-registers,uniform,identity,15,262144,4096,1,64,64,"1,1,1",1,selection,0.01210783
sort-in-registers,uniform,identity,16,262144,4096,1,64,64,"1,1,1",1,selection,0.01209292
sort-in-registers,uniform,identity,17,262144,4096,1,64,64,"1,1,1",1,selection,0.01209392
sort-in-registers,uniform,identity,18,262144,4096,1,64,64,"1,1,1",1,selection,0.012093579
sort-in-registers,uniform,identity,19,262144,4096,1,64,64,"1,1,1",1,selection,0.01209659
baseline,uniform,identity,10,262144,4096,1,64,128,"1,1,1",1,selection,0.022156481
baseline,uniform,identity,11,262144,4096,1,64,128,"1,1,1",1,selection,0.022170181
baseline,uniform,identity,12,262144,4096,1,64,128,"1,1,1",1,selection,0.022149061
baseline,uniform,identity,13,262144,4096,1,64,128,"1,1,1",1,selection,0.022157541
baseline,uniform,identity,14,262144,4096,1,64,128,"1,1,1",1,selection,0.02215283
baseline,uniform,identity,15,262144,4096,1,64,128,"1,1,1",1,selection,0.022158601
baseline,uniform,identity,16,262144,4096,1,64,128,"1,1,1",1,selection,0.022147481
baseline,uniform,identity,17,262144,4096,1,64,128,"1,1,1",1,selection,0.02215189
baseline,uniform,identity,18,262144,4096,1,64,128,"1,1,1",1,selection,0.022155081
baseline,uniform,identity,19,262144,4096,1,64,128,"1,1,1",1,selection,0.02216028
warp-shuffle,uniform,identity,10,262144,4096,1,128,128,"1,1,1",1,selection,0.013738651
warp-shuffle,uniform,identity,11,262144,4096,1,128,128,"1,1,1",1,selection,0.013733272
warp-shuffle,uniform,identity,12,262144,4096,1,128,128,"1,1,1",1,selection,0.013735351
warp-shuffle,uniform,identity,13,262144,4096,1,128,128,"1,1,1",1,selection,0.013734192
warp-shuffle,uniform,identity,14,262144,4096,1,128,128,"1,1,1",1,selection,0.013732491
warp-shuffle,uniform,identity,15,262144,4096,1,128,128,"1,1,1",1,selection,0.013733632
warp-shuffle,uniform,identity,16,262144,4096,1,128,128,"1,1,1",1,selection,0.013743132
warp-shuffle,uniform,identity,17,262144,4096,1,128,128,"1,1,1",1,selection,0.013736901
warp-shuffle,uniform,identity,18,262144,4096,1,128,128,"1,1,1",1,selection,0.013734152
warp-shuffle,uniform,identity,19,262144,4096,1,128,128,"1,1,1",1,selection,0.013733982
sort-in-registers,uniform,identity,10,262144,4096,1,64,128,"1,1,1",1,selection,0.010936602
sort-in-registers,uniform,identity,11,262144,4096,1,64,128,"1,1,1",1,selection,0.010938742
sort-in-registers,uniform,identity,12,262144,4096,1,64,128,"1,1,1",1,selection,0.010942412
sort-in-registers,uniform,identity,13,262144,4096,1,64,128,"1,1,1",1,selection,0.010939032
sort-in-registers,uniform,identity,14,262144,4096,1,64,128,"1,1,1",1,selection,0.010936371
sort-in-registers,uniform,identity,15,262144,4096,1,64,128,"1,1,1",1,selection,0.010938472
sort-in-registers,uniform,identity,16,262144,4096,1,64,128,"1,1,1",1,selection,0.010935432
sort-in-registers,uniform,identity,17,262144,4096,1,64,128,"1,1,1",1,selection,0.010934431
sort-in-registers,uniform,identity,18,262144,4096,1,64,128,"1,1,1",1,selection,0.010937122
sort-in-registers,uniform,identity,19,262144,4096,1,64,128,"1,1,1",1,selection,0.010937782
baseline,uniform,identity,10,262144,4096,1,128,256,"1,1,1",1,selection,0.024256669
baseline,uniform,identity,11,262144,4096,1,128,256,"1,1,1",1,selection,0.024253498
baseline,uniform,identity,12,262144,4096,1,128,256,"1,1,1",1,selection,0.024257478
baseline,uniform,identity,13,262144,4096,1,128,256,"1,1,1",1,selection,0.024256778
baseline,uniform,identity,14,262144,4096,1,128,256,"1,1,1",1,selection,0.024264808
baseline,uniform,identity,15,262144,4096,1,128,256,"1,1,1",1,selection,0.024249478
baseline,uniform,identity,16,262144,4096,1,128,256,"1,1,1",1,selection,0.024259328
baseline,uniform,identity,17,262144,4096,1,128,256,"1,1,1",1,selection,0.024261908
baseline,uniform,identity,18,262144,4096,1,128,256,"1,1,1",1,selection,0.024261538
baseline,uniform,identity,19,262144,4096,1,128,256,"1,1,1",1,selection,0.024258629
warp-shuffle,uniform,identity,10,262144,4096,1,128,256,"1,1,1",1,selection,0.016693009
warp-shuffle,uniform,identity,11,262144,4096,1,128,256,"1,1,1",1,selection,0.01669371
warp-shuffle,uniform,identity,12,262144,4096,1,128,256,"1,1,1",1,selection,0.01669158
warp-shuffle,uniform,identity,13,262144,4096,1,128,256,"1,1,1",1,selection,0.01669182
warp-shuffle,uniform,identity,14,262144,4096,1,128,256,"1,1,1",1,selection,0.016692079
warp-shuffle,uniform,identity,15,262144,4096,1,128,256,"1,1,1",1,selection,0.016693199
warp-shuffle,uniform,identity,16,262144,4096,1,128,256,"1,1,1",1,selection,0.01669729
warp-shuffle,uniform,identity,17,262144,4096,1,128,256,"1,1,1",1,selection,0.01669397
warp-shuffle,uniform,identity,18,262144,4096,1,128,256,"1,1,1",1,selection,0.0166951
warp-shuffle,uniform,identity,19,262144,4096,1,128,256,"1,1,1",1,selection,0.016695489
sort-in-registers,uniform,identity,10,262144,4096,1,64,256,"1,1,1",1,selection,0.010985902
sort-in-registers,uniform,identity,11,262144,4096,1,64,256,"1,1,1",1,selection,0.010986801
sort-in-registers,uniform,identity,12,262144,4096,1,64,256,"1,1,1",1,selection,0.010987352
sort-in-registers,uniform,identity,13,262144,4096,1,64,256,"1,1,1",1,selection,0.010988891
sort-in-registers,uniform,identity,14,262144,4096,1,64,256,"1,1,1",1,selection,0.010985242
sort-in-registers,uniform,identity,15,262144,4096,1,64,256,"1,1,1",1,selection,0.010987021
sort-in-registers,uniform,identity,16,262144,4096,1,64,256,"1,1,1",1,selection,0.010986161
sort-in-registers,uniform,identity,17,262144,4096,1,64,256,"1,1,1",1,selection,0.010986282
sort-in-registers,uniform,identity,18,262144,4096,1,64,256,"1,1,1",1,selection,0.010986832
sort-in-registers,uniform,identity,19,262144,4096,1,64,256,"1,1,1",1,selection,0.010987921
baseline,uniform,identity,10,262144,4096,1,128,512,"1,1,1",1,selection,0.027378094
baseline,uniform,identity,11,262144,4096,1,128,512,"1,1,1",1,selection,0.027372575
baseline,uniform,identity,12,262144,4096,1,128,512,"1,1,1",1,selection,0.027379424
baseline,uniform,identity,13,262144,4096,1,128,512,"1,1,1",1,selection,0.027367535
baseline,uniform,identity,14,262144,4096,1,128,512,"1,1,1",1,selection,0.027377184
baseline,uniform,identity,15,262144,4096,1,128,512,"1,1,1",1,selection,0.027372654
baseline,uniform,identity,16,262144,4096,1,128,512,"1,1,1",1,selection,0.027375414
baseline,uniform,identity,17,262144,4096,1,128,512,"1,1,1",1,selection,0.027373714
baseline,uniform,identity,18,262144,4096,1,128,512,"1,1,1",1,selection,0.027385654
baseline,uniform,identity,19,262144,4096,1,128,512,"1,1,1",1,selection,0.027372105
warp-shuffle,uniform,identity,10,262144,4096,1,256,512,"1,1,1",1,selection,0.019800396
warp-shuffle,uniform,identity,11,262144,4096,1,256,512,"1,1,1",1,selection,0.019795257
warp-shuffle,uniform,identity,12,262144,4096,1,256,512,"1,1,1",1,selection,0.019796146
warp-shuffle,uniform,identity,13,262144,4096,1,256,512,"1,1,1",1,selection,0.019800766
warp-shuffle,uniform,identity,14,262144,4096,1,256,512,"1,1,1",1,selection,0.019793937
warp-shuffle,uniform,identity,15,262144,4096,1,256,512,"1,1,1",1,selection,0.019796936
warp-shuffle,uniform,identity,16,262144,4096,1,256,512,"1,1,1",1,selection,0.019797966
warp-shuffle,uniform,identity,17,262144,4096,1,256,512,"1,1,1",1,selection,0.019797637
warp-shuffle,uniform,identity,18,262144,4096,1,256,512,"1,1,1",1,selection,0.019798097
warp-shuffle,uniform,identity,19,262144,4096,1,256,512,"1,1,1",1,selection,0.019795456
sort-in-registers,uniform,identity,10,262144,4096,1,64,512,"1,1,1",1,selection,0.010937653
sort-in-registers,uniform,identity,11,262144,4096,1,64,512,"1,1,1",1,selection,0.010937402
sort-in-registers,uniform,identity,12,262144,4096,1,64,512,"1,1,1",1,selection,0.010934142
sort-in-registers,uniform,identity,13,262144,4096,1,64,512,"1,1,1",1,selection,0.010942042
sort-in-registers,uniform,identity,14,262144,4096,1,64,512,"1,1,1",1,selection,0.010932551
sort-in-registers,uniform,identity,15,262144,4096,1,64,512,"1,1,1",1,selection,0.010932571
sort-in-registers,uniform,identity,16,262144,4096,1,64,512,"1,1,1",1,selection,0.010934362
sort-in-registers,uniform,identity,17,262144,4096,1,64,512,"1,1,1",1,selection,0.010933892
sort-in-registers,uniform,identity,18,262144,4096,1,64,512,"1,1,1",1,selection,0.010935362
sort-in-registers,uniform,identity,19,262144,4096,1,64,512,"1,1,1",1,selection,0.010936382
baseline,uniform,identity,10,262144,4096,1,256,1024,"1,1,1",1,selection,0.031013365
baseline,uniform,identity,11,262144,4096,1,256,1024,"1,1,1",1,selection,0.031006266
baseline,uniform,identity,12,262144,4096,1,256,1024,"1,1,1",1,selection,0.031010135
baseline,uniform,identity,13,262144,4096,1,256,1024,"1,1,1",1,selection,0.031008955
baseline,uniform,identity,14,262144,4096,1,256,1024,"1,1,1",1,selection,0.031008155
baseline,uniform,identity,15,262144,4096,1,256,1024,"1,1,1",1,selection,0.031009025
baseline,uniform,identity,16,262144,4096,1,256,1024,"1,1,1",1,selection,0.031010725
baseline,uniform,identity,17,262144,4096,1,256,1024,"1,1,1",1,selection,0.031014615
baseline,uniform,identity,18,262144,4096,1,256,1024,"1,1,1",1,selection,0.031008185
baseline,uniform,identity,19,262144,4096,1,256,1024,"1,1,1",1,selection,0.031008095
warp-shuffle,uniform,identity,10,262144,4096,1,256,1024,"1,1,1",1,selection,0.023618245
warp-shuffle,uniform,identity,11,262144,4096,1,256,1024,"1,1,1",1,selection,0.023621855
warp-shuffle,uniform,identity,12,262144,4096,1,256,1024,"1,1,1",1,selection,0.023622245
warp-shuffle,uniform,identity,13,262144,4096,1,256,1024,"1,1,1",1,selection,0.023620125
warp-shuffle,uniform,identity,14,262144,4096,1,256,1024,"1,1,1",1,selection,0.023623145
warp-shuffle,uniform,identity,15,262144,4096,1,256,1024,"1,1,1",1,selection,0.023621705
warp-shuffle,uniform,identity,16,262144,4096,1,256,1024,"1,1,1",1,selection,0.023618164
warp-shuffle,uniform,identity,17,262144,4096,1,256,1024,"1,1,1",1,selection,0.023621905
warp-shuffle,uniform,identity,18,262144,4096,1,256,1024,"1,1,1",1,selection,0.023623805
warp-shuffle,uniform,identity,19,262144,4096,1,256,1024,"1,1,1",1,selection,0.023621235
sort-in-registers,uniform,identity,10,262144,4096,1,64,1024,"1,1,1",1,selection,0.011985191
sort-in-registers,uniform,identity,11,262144,4096,1,64,1024,"1,1,1",1,selection,0.01198909
sort-in-registers,uniform,identity,12,262144,4096,1,64,1024,"1,1,1",1,selection,0.01201584
sort-in-registers,uniform,identity,13,262144,4096,1,64,1024,"1,1,1",1,selection,0.011947131
sort-in-registers,uniform,identity,14,262144,4096,1,64,1024,"1,1,1",1,selection,0.011943671
sort-in-registers,uniform,identity,15,262144,4096,1,64,1024,"1,1,1",1,selection,0.011983001
sort-in-registers,uniform,identity,16,262144,4096,1,64,1024,"1,1,1",1,selection,0.011949361
sort-in-registers,uniform,identity,17,262144,4096,1,64,1024,"1,1,1",1,selection,0.011958341
sort-in-registers,uniform,identity,18,262144,4096,1,64,1024,"1,1,1",1,selection,0.011970491
sort-in-registers,uniform,identity,19,262144,4096,1,64,1024,"1,1,1",1,selection,0.011962341
baseline,uniform,identity,10,262144,4096,1,512,2048,"1,1,1",1,selection,0.035692444
baseline,uniform,identity,11,262144,4096,1,512,2048,"1,1,1",1,selection,0.035695154
baseline,uniform,identity,12,262144,4096,1,512,2048,"1,1,1",1,selection,0.035699924
baseline,uniform,identity,13,262144,4096,1,512,2048,"1,1,1",1,selection,0.035692774
baseline,uniform,identity,14,262144,4096,1,512,2048,"1,1,1",1,selection,0.035693985
baseline,uniform,identity,15,262144,4096,1,512,2048,"1,1,1",1,selection,0.035695925
baseline,uniform,identity,16,262144,4096,1,512,2048,"1,1,1",1,selection,0.035696514
baseline,uniform,identity,17,262144,4096,1,512,2048,"1,1,1",1,selection,0.035697885
baseline,uniform,identity,18,262144,4096,1,512,2048,"1,1,1",1,selection,0.035692445
baseline,uniform,identity,19,262144,4096,1,512,2048,"1,1,1",1,selection,0.035697885
warp-shuffle,uniform,identity,10,262144,4096,1,256,2048,"1,1,1",1,selection,0.029490412
warp-shuffle,uniform,identity,11,262144,4096,1,256,2048,"1,1,1",1,selection,0.029481721
warp-shuffle,uniform,identity,12,262144,4096,1,256,2048,"1,1,1",1,selection,0.029486102
warp-shuffle,uniform,identity,13,262144,4096,1,256,2048,"1,1,1",1,selection,0.029487892
warp-shuffle,uniform,identity,14,262144,4096,1,256,2048,"1,1,1",1,selection,0.029481052
warp-shuffle,uniform,identity,15,262144,4096,1,256,2048,"1,1,1",1,selection,0.029487092
warp-shuffle,uniform,identity,16,262144,4096,1,256,2048,"1,1,1",1,selection,0.029486441
warp-shuffle,uniform,identity,17,262144,4096,1,256,2048,"1,1,1",1,selection,0.029481981
warp-shuffle,uniform,identity,18,262144,4096,1,256,2048,"1,1,1",1,selection,0.029489122
warp-shuffle,uniform,identity,19,262144,4096,1,256,2048,"1,1,1",1,selection,0.029488971
sort-in-registers,uniform,identity,10,262144,4096,1,128,2048,"1,1,1",1,selection,0.016664681
sort-in-registers,uniform,identity,11,262144,4096,1,128,2048,"1,1,1",1,selection,0.016665089
sort-in-registers,uniform,identity,12,262144,4096,1,128,2048,"1,1,1",1,selection,0.01666712
sort-in-registers,uniform,identity,13,262144,4096,1,128,2048,"1,1,1",1,selection,0.01668688
sort-in-registers,uniform,identity,14,262144,4096,1,128,2048,"1,1,1",1,selection,0.01667025
sort-in-registers,uniform,identity,15,262144,4096,1,128,2048,"1,1,1",1,selection,0.01666478
sort-in-registers,uniform,identity,16,262144,4096,1,128,2048,"1,1,1",1,selection,0.01668031
sort-in-registers,uniform,identity,17,262144,4096,1,128,2048,"1,1,1",1,selection,0.01667918
sort-in-registers,uniform,identity,18,262144,4096,1,128,2048,"1,1,1",1,selection,0.01666294
sort-in-registers,uniform,identity,19,262144,4096,1,128,2048,"1,1,1",1,selection,0.0166704
