point_count,query_count,algorithm,dim,time
1048576,1024,baseline,4,0.003136226
1048576,1024,baseline,4,0.003129776
1048576,1024,baseline,4,0.002984558
1048576,1024,baseline,4,0.002960558
1048576,1024,baseline,4,0.002938048
1048576,1024,baseline,4,0.002940589
1048576,1024,baseline,4,0.002934888
1048576,1024,baseline,4,0.002936898
1048576,1024,baseline,4,0.002934329
1048576,1024,baseline,4,0.002936238
1048576,1024,cuBLAS GEMM + postprocessing,4,0.011842332
1048576,1024,cuBLAS GEMM + postprocessing,4,0.011850172
1048576,1024,cuBLAS GEMM + postprocessing,4,0.011842693
1048576,1024,cuBLAS GEMM + postprocessing,4,0.011850202
1048576,1024,cuBLAS GEMM + postprocessing,4,0.011835482
1048576,1024,cuBLAS GEMM + postprocessing,4,0.011855042
1048576,1024,cuBLAS GEMM + postprocessing,4,0.011845282
1048576,1024,cuBLAS GEMM + postprocessing,4,0.011853082
1048576,1024,cuBLAS GEMM + postprocessing,4,0.011838092
1048576,1024,cuBLAS GEMM + postprocessing,4,0.011850092
1048576,1024,MAGMA-distance,4,0.003276885
1048576,1024,MAGMA-distance,4,0.003278475
1048576,1024,MAGMA-distance,4,0.003293175
1048576,1024,MAGMA-distance,4,0.003281835
1048576,1024,MAGMA-distance,4,0.003290164
1048576,1024,MAGMA-distance,4,0.003273015
1048576,1024,MAGMA-distance,4,0.003289654
1048576,1024,MAGMA-distance,4,0.003272155
1048576,1024,MAGMA-distance,4,0.003273004
1048576,1024,MAGMA-distance,4,0.003281725
1048576,1024,baseline,8,0.004396183
1048576,1024,baseline,8,0.004407042
1048576,1024,baseline,8,0.004414153
1048576,1024,baseline,8,0.004409183
1048576,1024,baseline,8,0.004404053
1048576,1024,baseline,8,0.004399233
1048576,1024,baseline,8,0.004411212
1048576,1024,baseline,8,0.004412953
1048576,1024,baseline,8,0.004409162
1048576,1024,baseline,8,0.004452862
1048576,1024,cuBLAS GEMM + postprocessing,8,0.011808333
1048576,1024,cuBLAS GEMM + postprocessing,8,0.011799812
1048576,1024,cuBLAS GEMM + postprocessing,8,0.011811173
1048576,1024,cuBLAS GEMM + postprocessing,8,0.011804643
1048576,1024,cuBLAS GEMM + postprocessing,8,0.011799063
1048576,1024,cuBLAS GEMM + postprocessing,8,0.011807432
1048576,1024,cuBLAS GEMM + postprocessing,8,0.011805703
1048576,1024,cuBLAS GEMM + postprocessing,8,0.011797823
1048576,1024,cuBLAS GEMM + postprocessing,8,0.011802913
1048576,1024,cuBLAS GEMM + postprocessing,8,0.011804523
1048576,1024,MAGMA-distance,8,0.003386944
1048576,1024,MAGMA-distance,8,0.003381704
1048576,1024,MAGMA-distance,8,0.003394894
1048576,1024,MAGMA-distance,8,0.003396404
1048576,1024,MAGMA-distance,8,0.003382963
1048576,1024,MAGMA-distance,8,0.003387514
1048576,1024,MAGMA-distance,8,0.003381173
1048576,1024,MAGMA-distance,8,0.003383794
1048576,1024,MAGMA-distance,8,0.003381613
1048576,1024,MAGMA-distance,8,0.003381864
1048576,1024,baseline,16,0.008537268
1048576,1024,baseline,16,0.008550277999999998
1048576,1024,baseline,16,0.008550968
1048576,1024,baseline,16,0.008661447
1048576,1024,baseline,16,0.009284629
1048576,1024,baseline,16,0.0092471
1048576,1024,baseline,16,0.008972123
1048576,1024,baseline,16,0.008534428
1048576,1024,baseline,16,0.008538548999999998
1048576,1024,baseline,16,0.008537988
1048576,1024,cuBLAS GEMM + postprocessing,16,0.011823972
1048576,1024,cuBLAS GEMM + postprocessing,16,0.011829583
1048576,1024,cuBLAS GEMM + postprocessing,16,0.011835982
1048576,1024,cuBLAS GEMM + postprocessing,16,0.011820552
1048576,1024,cuBLAS GEMM + postprocessing,16,0.011838452
1048576,1024,cuBLAS GEMM + postprocessing,16,0.011830383
1048576,1024,cuBLAS GEMM + postprocessing,16,0.011832022
1048576,1024,cuBLAS GEMM + postprocessing,16,0.011828142
1048576,1024,cuBLAS GEMM + postprocessing,16,0.011835943
1048576,1024,cuBLAS GEMM + postprocessing,16,0.011823432
1048576,1024,MAGMA-distance,16,0.003570641
1048576,1024,MAGMA-distance,16,0.003593241
1048576,1024,MAGMA-distance,16,0.003593802
1048576,1024,MAGMA-distance,16,0.003589821
1048576,1024,MAGMA-distance,16,0.003575981
1048576,1024,MAGMA-distance,16,0.003585032
1048576,1024,MAGMA-distance,16,0.003579351
1048576,1024,MAGMA-distance,16,0.003572351
1048576,1024,MAGMA-distance,16,0.003589432
1048576,1024,MAGMA-distance,16,0.003584031
1048576,1024,baseline,32,0.038323197
1048576,1024,baseline,32,0.038375507
1048576,1024,baseline,32,0.038319827
1048576,1024,baseline,32,0.038272828
1048576,1024,baseline,32,0.038334497
1048576,1024,baseline,32,0.038376916
1048576,1024,baseline,32,0.038314787
1048576,1024,baseline,32,0.038322587
1048576,1024,baseline,32,0.038374376
1048576,1024,baseline,32,0.038390296
1048576,1024,cuBLAS GEMM + postprocessing,32,0.011924462
1048576,1024,cuBLAS GEMM + postprocessing,32,0.011923691
1048576,1024,cuBLAS GEMM + postprocessing,32,0.011923951
1048576,1024,cuBLAS GEMM + postprocessing,32,0.011923312
1048576,1024,cuBLAS GEMM + postprocessing,32,0.011923621
1048576,1024,cuBLAS GEMM + postprocessing,32,0.011929711
1048576,1024,cuBLAS GEMM + postprocessing,32,0.011923001
1048576,1024,cuBLAS GEMM + postprocessing,32,0.011935591
1048576,1024,cuBLAS GEMM + postprocessing,32,0.011927351
1048576,1024,cuBLAS GEMM + postprocessing,32,0.011918912
1048576,1024,MAGMA-distance,32,0.004007247
1048576,1024,MAGMA-distance,32,0.004016716
1048576,1024,MAGMA-distance,32,0.004005377
1048576,1024,MAGMA-distance,32,0.004022477
1048576,1024,MAGMA-distance,32,0.004020496
1048576,1024,MAGMA-distance,32,0.004021207
1048576,1024,MAGMA-distance,32,0.004069856
1048576,1024,MAGMA-distance,32,0.004086536
1048576,1024,MAGMA-distance,32,0.004022416
1048576,1024,MAGMA-distance,32,0.004015097
1048576,1024,baseline,64,0.186069304
1048576,1024,baseline,64,0.186060844
1048576,1024,baseline,64,0.186059063
1048576,1024,baseline,64,0.186041563
1048576,1024,baseline,64,0.186048854
1048576,1024,baseline,64,0.186063414
1048576,1024,baseline,64,0.186096273
1048576,1024,baseline,64,0.186048354
1048576,1024,baseline,64,0.186045134
1048576,1024,baseline,64,0.186059723
1048576,1024,cuBLAS GEMM + postprocessing,64,0.01210452
1048576,1024,cuBLAS GEMM + postprocessing,64,0.01209904
1048576,1024,cuBLAS GEMM + postprocessing,64,0.0121072
1048576,1024,cuBLAS GEMM + postprocessing,64,0.012109219
1048576,1024,cuBLAS GEMM + postprocessing,64,0.012104939
1048576,1024,cuBLAS GEMM + postprocessing,64,0.01209658
1048576,1024,cuBLAS GEMM + postprocessing,64,0.01210514
1048576,1024,cuBLAS GEMM + postprocessing,64,0.012110749
1048576,1024,cuBLAS GEMM + postprocessing,64,0.012100019
1048576,1024,cuBLAS GEMM + postprocessing,64,0.012107619
1048576,1024,MAGMA-distance,64,0.005053135
1048576,1024,MAGMA-distance,64,0.005046366
1048576,1024,MAGMA-distance,64,0.005051045
1048576,1024,MAGMA-distance,64,0.005053335
1048576,1024,MAGMA-distance,64,0.005051896
1048576,1024,MAGMA-distance,64,0.005051675
1048576,1024,MAGMA-distance,64,0.005052046
1048576,1024,MAGMA-distance,64,0.005044856
1048576,1024,MAGMA-distance,64,0.005049286
1048576,1024,MAGMA-distance,64,0.005052916
1048576,1024,baseline,128,0.367381429
1048576,1024,baseline,128,0.367331619
1048576,1024,baseline,128,0.36726983
1048576,1024,baseline,128,0.36729996
1048576,1024,baseline,128,0.367371018
1048576,1024,baseline,128,0.367350249
1048576,1024,baseline,128,0.367339899
1048576,1024,baseline,128,0.367384679
1048576,1024,baseline,128,0.367363339
1048576,1024,baseline,128,0.367299049
1048576,1024,cuBLAS GEMM + postprocessing,128,0.012464136
1048576,1024,cuBLAS GEMM + postprocessing,128,0.012466316
1048576,1024,cuBLAS GEMM + postprocessing,128,0.012472285
1048576,1024,cuBLAS GEMM + postprocessing,128,0.012462336
1048576,1024,cuBLAS GEMM + postprocessing,128,0.012463745
1048576,1024,cuBLAS GEMM + postprocessing,128,0.012467366
1048576,1024,cuBLAS GEMM + postprocessing,128,0.012464526
1048576,1024,cuBLAS GEMM + postprocessing,128,0.012470105
1048576,1024,cuBLAS GEMM + postprocessing,128,0.012475845
1048576,1024,cuBLAS GEMM + postprocessing,128,0.012461035
1048576,1024,MAGMA-distance,128,0.008461629
1048576,1024,MAGMA-distance,128,0.008454469
1048576,1024,MAGMA-distance,128,0.008459579
1048576,1024,MAGMA-distance,128,0.008447968999999998
1048576,1024,MAGMA-distance,128,0.008470318
1048576,1024,MAGMA-distance,128,0.008453199
1048576,1024,MAGMA-distance,128,0.008464589
1048576,1024,MAGMA-distance,128,0.008452449
1048576,1024,MAGMA-distance,128,0.008445147999999998
1048576,1024,MAGMA-distance,128,0.008463778999999998
1048576,1024,baseline,256,0.7275232659999998
1048576,1024,baseline,256,0.727456157
1048576,1024,baseline,256,0.727283417
1048576,1024,baseline,256,0.727470466
1048576,1024,baseline,256,0.727378726
1048576,1024,baseline,256,0.727352937
1048576,1024,baseline,256,0.7274683159999998
1048576,1024,baseline,256,0.727429376
1048576,1024,baseline,256,0.727569015
1048576,1024,baseline,256,0.7274739059999998
1048576,1024,cuBLAS GEMM + postprocessing,256,0.014989649
1048576,1024,cuBLAS GEMM + postprocessing,256,0.014974499
1048576,1024,cuBLAS GEMM + postprocessing,256,0.014995558
1048576,1024,cuBLAS GEMM + postprocessing,256,0.014985568
1048576,1024,cuBLAS GEMM + postprocessing,256,0.014990708
1048576,1024,cuBLAS GEMM + postprocessing,256,0.014985478
1048576,1024,cuBLAS GEMM + postprocessing,256,0.014980139
1048576,1024,cuBLAS GEMM + postprocessing,256,0.014991358
1048576,1024,cuBLAS GEMM + postprocessing,256,0.015001019
1048576,1024,cuBLAS GEMM + postprocessing,256,0.014996759
1048576,1024,MAGMA-distance,256,0.015270885
1048576,1024,MAGMA-distance,256,0.015286765
1048576,1024,MAGMA-distance,256,0.015281125
1048576,1024,MAGMA-distance,256,0.015285665
1048576,1024,MAGMA-distance,256,0.015290395
1048576,1024,MAGMA-distance,256,0.015288996
1048576,1024,MAGMA-distance,256,0.015300965
1048576,1024,MAGMA-distance,256,0.015331045
1048576,1024,MAGMA-distance,256,0.015433063
1048576,1024,MAGMA-distance,256,0.015520383
524288,2048,baseline,4,0.002993728
524288,2048,baseline,4,0.002992598
524288,2048,baseline,4,0.002990718
524288,2048,baseline,4,0.003001527
524288,2048,baseline,4,0.002990758
524288,2048,baseline,4,0.002990728
524288,2048,baseline,4,0.002990528
524288,2048,baseline,4,0.002996187
524288,2048,baseline,4,0.002994508
524288,2048,baseline,4,0.002998548
524288,2048,cuBLAS GEMM + postprocessing,4,0.011792183
524288,2048,cuBLAS GEMM + postprocessing,4,0.011796003
524288,2048,cuBLAS GEMM + postprocessing,4,0.011774724
524288,2048,cuBLAS GEMM + postprocessing,4,0.011808713
524288,2048,cuBLAS GEMM + postprocessing,4,0.011794083
524288,2048,cuBLAS GEMM + postprocessing,4,0.011773793
524288,2048,cuBLAS GEMM + postprocessing,4,0.011788973
524288,2048,cuBLAS GEMM + postprocessing,4,0.011792533
524288,2048,cuBLAS GEMM + postprocessing,4,0.011802133
524288,2048,cuBLAS GEMM + postprocessing,4,0.011795493
524288,2048,MAGMA-distance,4,0.003249185
524288,2048,MAGMA-distance,4,0.003239665
524288,2048,MAGMA-distance,4,0.003248465
524288,2048,MAGMA-distance,4,0.003241455
524288,2048,MAGMA-distance,4,0.003251095
524288,2048,MAGMA-distance,4,0.003243625
524288,2048,MAGMA-distance,4,0.003239215
524288,2048,MAGMA-distance,4,0.003254685
524288,2048,MAGMA-distance,4,0.003242945
524288,2048,MAGMA-distance,4,0.003246535
524288,2048,baseline,8,0.004428332
524288,2048,baseline,8,0.004427673
524288,2048,baseline,8,0.004423303
524288,2048,baseline,8,0.004431222
524288,2048,baseline,8,0.004425012
524288,2048,baseline,8,0.004424622
524288,2048,baseline,8,0.004431473
524288,2048,baseline,8,0.004424603
524288,2048,baseline,8,0.004444092
524288,2048,baseline,8,0.004451952
524288,2048,cuBLAS GEMM + postprocessing,8,0.011809222
524288,2048,cuBLAS GEMM + postprocessing,8,0.011814882
524288,2048,cuBLAS GEMM + postprocessing,8,0.011807522
524288,2048,cuBLAS GEMM + postprocessing,8,0.011809032
524288,2048,cuBLAS GEMM + postprocessing,8,0.011815333
524288,2048,cuBLAS GEMM + postprocessing,8,0.011806703
524288,2048,cuBLAS GEMM + postprocessing,8,0.011796983
524288,2048,cuBLAS GEMM + postprocessing,8,0.011808922
524288,2048,cuBLAS GEMM + postprocessing,8,0.011802692
524288,2048,cuBLAS GEMM + postprocessing,8,0.011809063
524288,2048,MAGMA-distance,8,0.003395284
524288,2048,MAGMA-distance,8,0.003377703
524288,2048,MAGMA-distance,8,0.003394883
524288,2048,MAGMA-distance,8,0.003390314
524288,2048,MAGMA-distance,8,0.003393104
524288,2048,MAGMA-distance,8,0.003383023
524288,2048,MAGMA-distance,8,0.003379793
524288,2048,MAGMA-distance,8,0.003376424
524288,2048,MAGMA-distance,8,0.003380783
524288,2048,MAGMA-distance,8,0.003381373
524288,2048,baseline,16,0.008521038
524288,2048,baseline,16,0.008525819
524288,2048,baseline,16,0.008593308
524288,2048,baseline,16,0.008707006
524288,2048,baseline,16,0.008723356
524288,2048,baseline,16,0.008798884999999998
524288,2048,baseline,16,0.008801315
524288,2048,baseline,16,0.008888824
524288,2048,baseline,16,0.008896304
524288,2048,baseline,16,0.008916993999999998
524288,2048,cuBLAS GEMM + postprocessing,16,0.011786503
524288,2048,cuBLAS GEMM + postprocessing,16,0.011793183
524288,2048,cuBLAS GEMM + postprocessing,16,0.011799172
524288,2048,cuBLAS GEMM + postprocessing,16,0.011773473
524288,2048,cuBLAS GEMM + postprocessing,16,0.011800482
524288,2048,cuBLAS GEMM + postprocessing,16,0.011792073
524288,2048,cuBLAS GEMM + postprocessing,16,0.011795283
524288,2048,cuBLAS GEMM + postprocessing,16,0.011800692
524288,2048,cuBLAS GEMM + postprocessing,16,0.011796503
524288,2048,cuBLAS GEMM + postprocessing,16,0.011781933
524288,2048,MAGMA-distance,16,0.003587082
524288,2048,MAGMA-distance,16,0.003593761
524288,2048,MAGMA-distance,16,0.003579081
524288,2048,MAGMA-distance,16,0.003591081
524288,2048,MAGMA-distance,16,0.003590361
524288,2048,MAGMA-distance,16,0.003599591
524288,2048,MAGMA-distance,16,0.003596921
524288,2048,MAGMA-distance,16,0.003601761
524288,2048,MAGMA-distance,16,0.003592051
524288,2048,MAGMA-distance,16,0.003586591
524288,2048,baseline,32,0.016990877
524288,2048,baseline,32,0.017013786
524288,2048,baseline,32,0.017043067
524288,2048,baseline,32,0.017092056
524288,2048,baseline,32,0.017221564
524288,2048,baseline,32,0.017287664
524288,2048,baseline,32,0.017343323
524288,2048,baseline,32,0.017363223
524288,2048,baseline,32,0.017379053
524288,2048,baseline,32,0.017375243
524288,2048,cuBLAS GEMM + postprocessing,32,0.011841232
524288,2048,cuBLAS GEMM + postprocessing,32,0.011844132
524288,2048,cuBLAS GEMM + postprocessing,32,0.011823422
524288,2048,cuBLAS GEMM + postprocessing,32,0.011843602
524288,2048,cuBLAS GEMM + postprocessing,32,0.011832882
524288,2048,cuBLAS GEMM + postprocessing,32,0.011838962
524288,2048,cuBLAS GEMM + postprocessing,32,0.011822322
524288,2048,cuBLAS GEMM + postprocessing,32,0.011832942
524288,2048,cuBLAS GEMM + postprocessing,32,0.011831022
524288,2048,cuBLAS GEMM + postprocessing,32,0.011852602
524288,2048,MAGMA-distance,32,0.004029476
524288,2048,MAGMA-distance,32,0.004033437
524288,2048,MAGMA-distance,32,0.004048997
524288,2048,MAGMA-distance,32,0.004041606
524288,2048,MAGMA-distance,32,0.004032086
524288,2048,MAGMA-distance,32,0.004039626
524288,2048,MAGMA-distance,32,0.004042406
524288,2048,MAGMA-distance,32,0.004035467
524288,2048,MAGMA-distance,32,0.004046167
524288,2048,MAGMA-distance,32,0.004035637
524288,2048,baseline,64,0.036782673
524288,2048,baseline,64,0.036745754
524288,2048,baseline,64,0.036784064
524288,2048,baseline,64,0.036826293
524288,2048,baseline,64,0.036850973
524288,2048,baseline,64,0.036904752
524288,2048,baseline,64,0.036887742
524288,2048,baseline,64,0.036906582
524288,2048,baseline,64,0.036898302
524288,2048,baseline,64,0.036865723
524288,2048,cuBLAS GEMM + postprocessing,64,0.011925282
524288,2048,cuBLAS GEMM + postprocessing,64,0.011908251
524288,2048,cuBLAS GEMM + postprocessing,64,0.011926522
524288,2048,cuBLAS GEMM + postprocessing,64,0.011923161
524288,2048,cuBLAS GEMM + postprocessing,64,0.011921512
524288,2048,cuBLAS GEMM + postprocessing,64,0.011921011
524288,2048,cuBLAS GEMM + postprocessing,64,0.011937212
524288,2048,cuBLAS GEMM + postprocessing,64,0.011925872
524288,2048,cuBLAS GEMM + postprocessing,64,0.011916922
524288,2048,cuBLAS GEMM + postprocessing,64,0.011925372
524288,2048,MAGMA-distance,64,0.005051606
524288,2048,MAGMA-distance,64,0.005049516
524288,2048,MAGMA-distance,64,0.005048126
524288,2048,MAGMA-distance,64,0.005048406
524288,2048,MAGMA-distance,64,0.005060715
524288,2048,MAGMA-distance,64,0.005063406
524288,2048,MAGMA-distance,64,0.005048496
524288,2048,MAGMA-distance,64,0.005044175
524288,2048,MAGMA-distance,64,0.005056045
524288,2048,MAGMA-distance,64,0.005045816
524288,2048,baseline,128,0.367890624
524288,2048,baseline,128,0.367865004
524288,2048,baseline,128,0.367874683
524288,2048,baseline,128,0.367859363
524288,2048,baseline,128,0.367872594
524288,2048,baseline,128,0.367851244
524288,2048,baseline,128,0.367880774
524288,2048,baseline,128,0.367904133
524288,2048,baseline,128,0.367878623
524288,2048,baseline,128,0.367808964
524288,2048,cuBLAS GEMM + postprocessing,128,0.01209624
524288,2048,cuBLAS GEMM + postprocessing,128,0.012087439
524288,2048,cuBLAS GEMM + postprocessing,128,0.012092239
524288,2048,cuBLAS GEMM + postprocessing,128,0.012094819
524288,2048,cuBLAS GEMM + postprocessing,128,0.012099819
524288,2048,cuBLAS GEMM + postprocessing,128,0.01209501
524288,2048,cuBLAS GEMM + postprocessing,128,0.01209882
524288,2048,cuBLAS GEMM + postprocessing,128,0.01210021
524288,2048,cuBLAS GEMM + postprocessing,128,0.01208832
524288,2048,cuBLAS GEMM + postprocessing,128,0.01209865
524288,2048,MAGMA-distance,128,0.008452459
524288,2048,MAGMA-distance,128,0.008459809
524288,2048,MAGMA-distance,128,0.008454489
524288,2048,MAGMA-distance,128,0.008446208999999998
524288,2048,MAGMA-distance,128,0.008456809
524288,2048,MAGMA-distance,128,0.008450819
524288,2048,MAGMA-distance,128,0.008464249
524288,2048,MAGMA-distance,128,0.008459928999999998
524288,2048,MAGMA-distance,128,0.008452658999999998
524288,2048,MAGMA-distance,128,0.008463188999999998
524288,2048,baseline,256,0.728030988
524288,2048,baseline,256,0.72801389
524288,2048,baseline,256,0.72800453
524288,2048,baseline,256,0.7280092
524288,2048,baseline,256,0.72801074
524288,2048,baseline,256,0.7280147099999998
524288,2048,baseline,256,0.727972571
524288,2048,baseline,256,0.72798677
524288,2048,baseline,256,0.728038029
524288,2048,baseline,256,0.7278575819999998
524288,2048,cuBLAS GEMM + postprocessing,256,0.014295175
524288,2048,cuBLAS GEMM + postprocessing,256,0.014278466
524288,2048,cuBLAS GEMM + postprocessing,256,0.014282137
524288,2048,cuBLAS GEMM + postprocessing,256,0.014288106
524288,2048,cuBLAS GEMM + postprocessing,256,0.014277046
524288,2048,cuBLAS GEMM + postprocessing,256,0.014290046
524288,2048,cuBLAS GEMM + postprocessing,256,0.014291715
524288,2048,cuBLAS GEMM + postprocessing,256,0.014287246
524288,2048,cuBLAS GEMM + postprocessing,256,0.014286586
524288,2048,cuBLAS GEMM + postprocessing,256,0.014286626
524288,2048,MAGMA-distance,256,0.015291806
524288,2048,MAGMA-distance,256,0.015298455
524288,2048,MAGMA-distance,256,0.015307015
524288,2048,MAGMA-distance,256,0.015309075
524288,2048,MAGMA-distance,256,0.015311135
524288,2048,MAGMA-distance,256,0.015315155
524288,2048,MAGMA-distance,256,0.015342434
524288,2048,MAGMA-distance,256,0.015401064
524288,2048,MAGMA-distance,256,0.015491163
524288,2048,MAGMA-distance,256,0.015585043
262144,4096,baseline,4,0.003056807
262144,4096,baseline,4,0.003057447
262144,4096,baseline,4,0.003061037
262144,4096,baseline,4,0.003060127
262144,4096,baseline,4,0.003058217
262144,4096,baseline,4,0.003058697
262144,4096,baseline,4,0.003061217
262144,4096,baseline,4,0.003061108
262144,4096,baseline,4,0.003066277
262144,4096,baseline,4,0.003065127
262144,4096,cuBLAS GEMM + postprocessing,4,0.011768013
262144,4096,cuBLAS GEMM + postprocessing,4,0.011767143
262144,4096,cuBLAS GEMM + postprocessing,4,0.011772294
262144,4096,cuBLAS GEMM + postprocessing,4,0.011779513
262144,4096,cuBLAS GEMM + postprocessing,4,0.011767894
262144,4096,cuBLAS GEMM + postprocessing,4,0.011763663
262144,4096,cuBLAS GEMM + postprocessing,4,0.011768104
262144,4096,cuBLAS GEMM + postprocessing,4,0.011764533
262144,4096,cuBLAS GEMM + postprocessing,4,0.011756774
262144,4096,cuBLAS GEMM + postprocessing,4,0.011761184
262144,4096,MAGMA-distance,4,0.00283646
262144,4096,MAGMA-distance,4,0.00283384
262144,4096,MAGMA-distance,4,0.002836519
262144,4096,MAGMA-distance,4,0.002838339
262144,4096,MAGMA-distance,4,0.002844149
262144,4096,MAGMA-distance,4,0.00284482
262144,4096,MAGMA-distance,4,0.002838459
262144,4096,MAGMA-distance,4,0.002840799
262144,4096,MAGMA-distance,4,0.002833039
262144,4096,MAGMA-distance,4,0.002836649
262144,4096,baseline,8,0.004393373
262144,4096,baseline,8,0.004399462
262144,4096,baseline,8,0.004403182
262144,4096,baseline,8,0.004399723
262144,4096,baseline,8,0.004404093
262144,4096,baseline,8,0.004400812
262144,4096,baseline,8,0.004406493
262144,4096,baseline,8,0.004402633
262144,4096,baseline,8,0.004420152
262144,4096,baseline,8,0.004444252
262144,4096,cuBLAS GEMM + postprocessing,8,0.011773723
262144,4096,cuBLAS GEMM + postprocessing,8,0.011776003
262144,4096,cuBLAS GEMM + postprocessing,8,0.011775554
262144,4096,cuBLAS GEMM + postprocessing,8,0.011756694
262144,4096,cuBLAS GEMM + postprocessing,8,0.011769763
262144,4096,cuBLAS GEMM + postprocessing,8,0.011765043
262144,4096,cuBLAS GEMM + postprocessing,8,0.011768423
262144,4096,cuBLAS GEMM + postprocessing,8,0.011772124
262144,4096,cuBLAS GEMM + postprocessing,8,0.011775083
262144,4096,cuBLAS GEMM + postprocessing,8,0.011760894
262144,4096,MAGMA-distance,8,0.002906869
262144,4096,MAGMA-distance,8,0.002909129
262144,4096,MAGMA-distance,8,0.002906529
262144,4096,MAGMA-distance,8,0.002907558
262144,4096,MAGMA-distance,8,0.002900549
262144,4096,MAGMA-distance,8,0.002902449
262144,4096,MAGMA-distance,8,0.002903869
262144,4096,MAGMA-distance,8,0.002906179
262144,4096,MAGMA-distance,8,0.002907879
262144,4096,MAGMA-distance,8,0.002904219
262144,4096,baseline,16,0.008526228
262144,4096,baseline,16,0.008547697
262144,4096,baseline,16,0.008617586999999998
262144,4096,baseline,16,0.008748386
262144,4096,baseline,16,0.008762855999999998
262144,4096,baseline,16,0.008833865
262144,4096,baseline,16,0.008832134
262144,4096,baseline,16,0.008900293999999998
262144,4096,baseline,16,0.008914755
262144,4096,baseline,16,0.008932844
262144,4096,cuBLAS GEMM + postprocessing,16,0.011765794
262144,4096,cuBLAS GEMM + postprocessing,16,0.011768813
262144,4096,cuBLAS GEMM + postprocessing,16,0.011776814
262144,4096,cuBLAS GEMM + postprocessing,16,0.011768833
262144,4096,cuBLAS GEMM + postprocessing,16,0.011766894
262144,4096,cuBLAS GEMM + postprocessing,16,0.011763394
262144,4096,cuBLAS GEMM + postprocessing,16,0.011767903
262144,4096,cuBLAS GEMM + postprocessing,16,0.011771714
262144,4096,cuBLAS GEMM + postprocessing,16,0.011755573
262144,4096,cuBLAS GEMM + postprocessing,16,0.011747194
262144,4096,MAGMA-distance,16,0.003046227
262144,4096,MAGMA-distance,16,0.003046707
262144,4096,MAGMA-distance,16,0.003058567
262144,4096,MAGMA-distance,16,0.003056957
262144,4096,MAGMA-distance,16,0.003062647
262144,4096,MAGMA-distance,16,0.003054997
262144,4096,MAGMA-distance,16,0.003045257
262144,4096,MAGMA-distance,16,0.003050458
262144,4096,MAGMA-distance,16,0.003046807
262144,4096,MAGMA-distance,16,0.003055298
262144,4096,baseline,32,0.017010297
262144,4096,baseline,32,0.017007077
262144,4096,baseline,32,0.017009797
262144,4096,baseline,32,0.017025666
262144,4096,baseline,32,0.017063106
262144,4096,baseline,32,0.017132926
262144,4096,baseline,32,0.017212065
262144,4096,baseline,32,0.017242365
262144,4096,baseline,32,0.017296094
262144,4096,baseline,32,0.017321274
262144,4096,cuBLAS GEMM + postprocessing,32,0.011784064
262144,4096,cuBLAS GEMM + postprocessing,32,0.011784064
262144,4096,cuBLAS GEMM + postprocessing,32,0.011784253
262144,4096,cuBLAS GEMM + postprocessing,32,0.011774354
262144,4096,cuBLAS GEMM + postprocessing,32,0.011784523
262144,4096,cuBLAS GEMM + postprocessing,32,0.011785044
262144,4096,cuBLAS GEMM + postprocessing,32,0.011779323
262144,4096,cuBLAS GEMM + postprocessing,32,0.011769893
262144,4096,cuBLAS GEMM + postprocessing,32,0.011783263
262144,4096,cuBLAS GEMM + postprocessing,32,0.011784903
262144,4096,MAGMA-distance,32,0.003507892
262144,4096,MAGMA-distance,32,0.003512972
262144,4096,MAGMA-distance,32,0.003508333
262144,4096,MAGMA-distance,32,0.003510292
262144,4096,MAGMA-distance,32,0.003505622
262144,4096,MAGMA-distance,32,0.003508843
262144,4096,MAGMA-distance,32,0.003508562
262144,4096,MAGMA-distance,32,0.003510973
262144,4096,MAGMA-distance,32,0.003507082
262144,4096,MAGMA-distance,32,0.003506643
262144,4096,baseline,64,0.033931085
262144,4096,baseline,64,0.033935615
262144,4096,baseline,64,0.033933065
262144,4096,baseline,64,0.033935625
262144,4096,baseline,64,0.033938485
262144,4096,baseline,64,0.033967695
262144,4096,baseline,64,0.034005834
262144,4096,baseline,64,0.034077013
262144,4096,baseline,64,0.034096203
262144,4096,baseline,64,0.034135233
262144,4096,cuBLAS GEMM + postprocessing,64,0.011831652
262144,4096,cuBLAS GEMM + postprocessing,64,0.011817352
262144,4096,cuBLAS GEMM + postprocessing,64,0.011833493
262144,4096,cuBLAS GEMM + postprocessing,64,0.011810492
262144,4096,cuBLAS GEMM + postprocessing,64,0.011826733
262144,4096,cuBLAS GEMM + postprocessing,64,0.011804913
262144,4096,cuBLAS GEMM + postprocessing,64,0.011792924
262144,4096,cuBLAS GEMM + postprocessing,64,0.011797453
262144,4096,cuBLAS GEMM + postprocessing,64,0.011824463
262144,4096,cuBLAS GEMM + postprocessing,64,0.011811213
262144,4096,MAGMA-distance,64,0.004888598
262144,4096,MAGMA-distance,64,0.004893667
262144,4096,MAGMA-distance,64,0.004886678
262144,4096,MAGMA-distance,64,0.004885968
262144,4096,MAGMA-distance,64,0.004892787
262144,4096,MAGMA-distance,64,0.004887978
262144,4096,MAGMA-distance,64,0.004887088
262144,4096,MAGMA-distance,64,0.004888097
262144,4096,MAGMA-distance,64,0.004888078
262144,4096,MAGMA-distance,64,0.004890487
262144,4096,baseline,128,0.07161158
262144,4096,baseline,128,0.071670779
262144,4096,baseline,128,0.071713719
262144,4096,baseline,128,0.071700119
262144,4096,baseline,128,0.071693879
262144,4096,baseline,128,0.071683669
262144,4096,baseline,128,0.071763259
262144,4096,baseline,128,0.071663239
262144,4096,baseline,128,0.07165014
262144,4096,baseline,128,0.071719628
262144,4096,cuBLAS GEMM + postprocessing,128,0.011889992
262144,4096,cuBLAS GEMM + postprocessing,128,0.011895682
262144,4096,cuBLAS GEMM + postprocessing,128,0.011895723
262144,4096,cuBLAS GEMM + postprocessing,128,0.011900812
262144,4096,cuBLAS GEMM + postprocessing,128,0.011891523
262144,4096,cuBLAS GEMM + postprocessing,128,0.011895492
262144,4096,cuBLAS GEMM + postprocessing,128,0.011893092
262144,4096,cuBLAS GEMM + postprocessing,128,0.011895472
262144,4096,cuBLAS GEMM + postprocessing,128,0.011889822
262144,4096,cuBLAS GEMM + postprocessing,128,0.011892702
262144,4096,MAGMA-distance,128,0.008301371
262144,4096,MAGMA-distance,128,0.008295271
262144,4096,MAGMA-distance,128,0.008300081
262144,4096,MAGMA-distance,128,0.008295681
262144,4096,MAGMA-distance,128,0.008298260999999998
262144,4096,MAGMA-distance,128,0.008293020999999998
262144,4096,MAGMA-distance,128,0.008301281
262144,4096,MAGMA-distance,128,0.00829913
262144,4096,MAGMA-distance,128,0.008299450999999998
262144,4096,MAGMA-distance,128,0.008291751
262144,4096,baseline,256,0.727179788
262144,4096,baseline,256,0.727080709
262144,4096,baseline,256,0.727264278
262144,4096,baseline,256,0.7271993879999998
262144,4096,baseline,256,0.727162258
262144,4096,baseline,256,0.727221478
262144,4096,baseline,256,0.7270830499999998
262144,4096,baseline,256,0.727138249
262144,4096,baseline,256,0.727176249
262144,4096,baseline,256,0.727217638
262144,4096,cuBLAS GEMM + postprocessing,256,0.014067798
262144,4096,cuBLAS GEMM + postprocessing,256,0.014069729
262144,4096,cuBLAS GEMM + postprocessing,256,0.014068099
262144,4096,cuBLAS GEMM + postprocessing,256,0.014069179
262144,4096,cuBLAS GEMM + postprocessing,256,0.014070209
262144,4096,cuBLAS GEMM + postprocessing,256,0.014074028
262144,4096,cuBLAS GEMM + postprocessing,256,0.014072119
262144,4096,cuBLAS GEMM + postprocessing,256,0.014067989
262144,4096,cuBLAS GEMM + postprocessing,256,0.014075778
262144,4096,cuBLAS GEMM + postprocessing,256,0.014069368
262144,4096,MAGMA-distance,256,0.014947219
262144,4096,MAGMA-distance,256,0.014955299
262144,4096,MAGMA-distance,256,0.014960509
262144,4096,MAGMA-distance,256,0.014959699
262144,4096,MAGMA-distance,256,0.014963179
262144,4096,MAGMA-distance,256,0.014973889
262144,4096,MAGMA-distance,256,0.015010209
262144,4096,MAGMA-distance,256,0.015078817
262144,4096,MAGMA-distance,256,0.015150227
262144,4096,MAGMA-distance,256,0.015254296
131072,8192,baseline,4,0.003197875
131072,8192,baseline,4,0.003195505
131072,8192,baseline,4,0.003193996
131072,8192,baseline,4,0.003196886
131072,8192,baseline,4,0.003198516
131072,8192,baseline,4,0.003193205
131072,8192,baseline,4,0.003192915
131072,8192,baseline,4,0.003191096
131072,8192,baseline,4,0.003193966
131072,8192,baseline,4,0.003195086
131072,8192,cuBLAS GEMM + postprocessing,4,0.011791283
131072,8192,cuBLAS GEMM + postprocessing,4,0.011764303
131072,8192,cuBLAS GEMM + postprocessing,4,0.011778313
131072,8192,cuBLAS GEMM + postprocessing,4,0.011779863
131072,8192,cuBLAS GEMM + postprocessing,4,0.011783463
131072,8192,cuBLAS GEMM + postprocessing,4,0.011789684
131072,8192,cuBLAS GEMM + postprocessing,4,0.011761883
131072,8192,cuBLAS GEMM + postprocessing,4,0.011780353
131072,8192,cuBLAS GEMM + postprocessing,4,0.011777044
131072,8192,cuBLAS GEMM + postprocessing,4,0.011783493
131072,8192,MAGMA-distance,4,0.00280095
131072,8192,MAGMA-distance,4,0.0028041
131072,8192,MAGMA-distance,4,0.00280253
131072,8192,MAGMA-distance,4,0.00280132
131072,8192,MAGMA-distance,4,0.00280293
131072,8192,MAGMA-distance,4,0.00280262
131072,8192,MAGMA-distance,4,0.00280102
131072,8192,MAGMA-distance,4,0.00280356
131072,8192,MAGMA-distance,4,0.002803579
131072,8192,MAGMA-distance,4,0.00279964
131072,8192,baseline,8,0.004372153
131072,8192,baseline,8,0.004376433
131072,8192,baseline,8,0.004376253
131072,8192,baseline,8,0.004375103
131072,8192,baseline,8,0.004376373
131072,8192,baseline,8,0.004382823
131072,8192,baseline,8,0.004383892
131072,8192,baseline,8,0.004383983
131072,8192,baseline,8,0.004373633
131072,8192,baseline,8,0.004380963
131072,8192,cuBLAS GEMM + postprocessing,8,0.011789793
131072,8192,cuBLAS GEMM + postprocessing,8,0.011772693
131072,8192,cuBLAS GEMM + postprocessing,8,0.011777173
131072,8192,cuBLAS GEMM + postprocessing,8,0.011806293
131072,8192,cuBLAS GEMM + postprocessing,8,0.011797033
131072,8192,cuBLAS GEMM + postprocessing,8,0.011809403
131072,8192,cuBLAS GEMM + postprocessing,8,0.011804522
131072,8192,cuBLAS GEMM + postprocessing,8,0.011795373
131072,8192,cuBLAS GEMM + postprocessing,8,0.011808123
131072,8192,cuBLAS GEMM + postprocessing,8,0.011790514
131072,8192,MAGMA-distance,8,0.00280141
131072,8192,MAGMA-distance,8,0.00280239
131072,8192,MAGMA-distance,8,0.00280071
131072,8192,MAGMA-distance,8,0.00280371
131072,8192,MAGMA-distance,8,0.00280215
131072,8192,MAGMA-distance,8,0.00280258
131072,8192,MAGMA-distance,8,0.00280433
131072,8192,MAGMA-distance,8,0.00280116
131072,8192,MAGMA-distance,8,0.002804359
131072,8192,MAGMA-distance,8,0.0028011
131072,8192,baseline,16,0.008441369
131072,8192,baseline,16,0.008527578
131072,8192,baseline,16,0.008529388
131072,8192,baseline,16,0.008653236999999998
131072,8192,baseline,16,0.008688127
131072,8192,baseline,16,0.008733786
131072,8192,baseline,16,0.008767475
131072,8192,baseline,16,0.008792765
131072,8192,baseline,16,0.008841565
131072,8192,baseline,16,0.008842694999999998
131072,8192,cuBLAS GEMM + postprocessing,16,0.011772024
131072,8192,cuBLAS GEMM + postprocessing,16,0.011773663
131072,8192,cuBLAS GEMM + postprocessing,16,0.011754564
131072,8192,cuBLAS GEMM + postprocessing,16,0.011770803
131072,8192,cuBLAS GEMM + postprocessing,16,0.011763613
131072,8192,cuBLAS GEMM + postprocessing,16,0.011755474
131072,8192,cuBLAS GEMM + postprocessing,16,0.011762844
131072,8192,cuBLAS GEMM + postprocessing,16,0.011757093
131072,8192,cuBLAS GEMM + postprocessing,16,0.011786983
131072,8192,cuBLAS GEMM + postprocessing,16,0.011797053
131072,8192,MAGMA-distance,16,0.00280055
131072,8192,MAGMA-distance,16,0.00280095
131072,8192,MAGMA-distance,16,0.00280251
131072,8192,MAGMA-distance,16,0.00280477
131072,8192,MAGMA-distance,16,0.00280217
131072,8192,MAGMA-distance,16,0.00280151
131072,8192,MAGMA-distance,16,0.00280217
131072,8192,MAGMA-distance,16,0.00280276
131072,8192,MAGMA-distance,16,0.00280229
131072,8192,MAGMA-distance,16,0.00280558
131072,8192,baseline,32,0.016949328
131072,8192,baseline,32,0.016955838
131072,8192,baseline,32,0.016991687
131072,8192,baseline,32,0.017060977
131072,8192,baseline,32,0.017142326
131072,8192,baseline,32,0.017215885
131072,8192,baseline,32,0.017261534
131072,8192,baseline,32,0.017295494
131072,8192,baseline,32,0.017320834
131072,8192,baseline,32,0.017312914
131072,8192,cuBLAS GEMM + postprocessing,32,0.011785403
131072,8192,cuBLAS GEMM + postprocessing,32,0.011761623
131072,8192,cuBLAS GEMM + postprocessing,32,0.011777273
131072,8192,cuBLAS GEMM + postprocessing,32,0.011782953
131072,8192,cuBLAS GEMM + postprocessing,32,0.011770074
131072,8192,cuBLAS GEMM + postprocessing,32,0.011770163
131072,8192,cuBLAS GEMM + postprocessing,32,0.011781103
131072,8192,cuBLAS GEMM + postprocessing,32,0.011783833
131072,8192,cuBLAS GEMM + postprocessing,32,0.011781453
131072,8192,cuBLAS GEMM + postprocessing,32,0.011776514
131072,8192,MAGMA-distance,32,0.00281159
131072,8192,MAGMA-distance,32,0.00280891
131072,8192,MAGMA-distance,32,0.002808619
131072,8192,MAGMA-distance,32,0.00280673
131072,8192,MAGMA-distance,32,0.0028127
131072,8192,MAGMA-distance,32,0.002807749
131072,8192,MAGMA-distance,32,0.00281267
131072,8192,MAGMA-distance,32,0.00281663
131072,8192,MAGMA-distance,32,0.002813029
131072,8192,MAGMA-distance,32,0.00280849
131072,8192,baseline,64,0.033905615
131072,8192,baseline,64,0.033906306
131072,8192,baseline,64,0.033901835
131072,8192,baseline,64,0.033906585
131072,8192,baseline,64,0.033907025
131072,8192,baseline,64,0.033907765
131072,8192,baseline,64,0.033911775
131072,8192,baseline,64,0.033911485
131072,8192,baseline,64,0.033910265
131072,8192,baseline,64,0.033964174
131072,8192,cuBLAS GEMM + postprocessing,64,0.011817962
131072,8192,cuBLAS GEMM + postprocessing,64,0.011801913
131072,8192,cuBLAS GEMM + postprocessing,64,0.011812993
131072,8192,cuBLAS GEMM + postprocessing,64,0.011789423
131072,8192,cuBLAS GEMM + postprocessing,64,0.011804033
131072,8192,cuBLAS GEMM + postprocessing,64,0.011818323
131072,8192,cuBLAS GEMM + postprocessing,64,0.011819942
131072,8192,cuBLAS GEMM + postprocessing,64,0.011809853
131072,8192,cuBLAS GEMM + postprocessing,64,0.011800803
131072,8192,cuBLAS GEMM + postprocessing,64,0.011805953
131072,8192,MAGMA-distance,64,0.003916338
131072,8192,MAGMA-distance,64,0.003915058
131072,8192,MAGMA-distance,64,0.003916558
131072,8192,MAGMA-distance,64,0.003915718
131072,8192,MAGMA-distance,64,0.003915027
131072,8192,MAGMA-distance,64,0.003918528
131072,8192,MAGMA-distance,64,0.003915298
131072,8192,MAGMA-distance,64,0.003916597
131072,8192,MAGMA-distance,64,0.003917928
131072,8192,MAGMA-distance,64,0.003916948
131072,8192,baseline,128,0.067682022
131072,8192,baseline,128,0.067679702
131072,8192,baseline,128,0.067680602
131072,8192,baseline,128,0.067677162
131072,8192,baseline,128,0.067679143
131072,8192,baseline,128,0.067678552
131072,8192,baseline,128,0.067682763
131072,8192,baseline,128,0.067682382
131072,8192,baseline,128,0.067684122
131072,8192,baseline,128,0.067688551
131072,8192,cuBLAS GEMM + postprocessing,128,0.011860962
131072,8192,cuBLAS GEMM + postprocessing,128,0.011866642
131072,8192,cuBLAS GEMM + postprocessing,128,0.011878953
131072,8192,cuBLAS GEMM + postprocessing,128,0.011871512
131072,8192,cuBLAS GEMM + postprocessing,128,0.011864963
131072,8192,cuBLAS GEMM + postprocessing,128,0.011870852
131072,8192,cuBLAS GEMM + postprocessing,128,0.011870272
131072,8192,cuBLAS GEMM + postprocessing,128,0.011868313
131072,8192,cuBLAS GEMM + postprocessing,128,0.011854223
131072,8192,cuBLAS GEMM + postprocessing,128,0.011869872
131072,8192,MAGMA-distance,128,0.007600578
131072,8192,MAGMA-distance,128,0.007597689
131072,8192,MAGMA-distance,128,0.007600077999999999
131072,8192,MAGMA-distance,128,0.007598518
131072,8192,MAGMA-distance,128,0.007601418
131072,8192,MAGMA-distance,128,0.007595748999999998
131072,8192,MAGMA-distance,128,0.007596178
131072,8192,MAGMA-distance,128,0.007600298
131072,8192,MAGMA-distance,128,0.007596859
131072,8192,MAGMA-distance,128,0.007599578
131072,8192,baseline,256,0.140019084
131072,8192,baseline,256,0.140069223
131072,8192,baseline,256,0.140112233
131072,8192,baseline,256,0.140063884
131072,8192,baseline,256,0.140070674
131072,8192,baseline,256,0.140121243
131072,8192,baseline,256,0.140154632
131072,8192,baseline,256,0.140151443
131072,8192,baseline,256,0.140126432
131072,8192,baseline,256,0.140187352
131072,8192,cuBLAS GEMM + postprocessing,256,0.01401888
131072,8192,cuBLAS GEMM + postprocessing,256,0.01399851
131072,8192,cuBLAS GEMM + postprocessing,256,0.013995409
131072,8192,cuBLAS GEMM + postprocessing,256,0.014001709
131072,8192,cuBLAS GEMM + postprocessing,256,0.01400905
131072,8192,cuBLAS GEMM + postprocessing,256,0.013998239
131072,8192,cuBLAS GEMM + postprocessing,256,0.014002859
131072,8192,cuBLAS GEMM + postprocessing,256,0.0140144
131072,8192,cuBLAS GEMM + postprocessing,256,0.014007819
131072,8192,cuBLAS GEMM + postprocessing,256,0.014013229
131072,8192,MAGMA-distance,256,0.01492536
131072,8192,MAGMA-distance,256,0.014947539
131072,8192,MAGMA-distance,256,0.0149382
131072,8192,MAGMA-distance,256,0.014943449
131072,8192,MAGMA-distance,256,0.014947689
131072,8192,MAGMA-distance,256,0.014986909
131072,8192,MAGMA-distance,256,0.015042958
131072,8192,MAGMA-distance,256,0.015121087
131072,8192,MAGMA-distance,256,0.015260556
131072,8192,MAGMA-distance,256,0.015289455
