dataset_id,rows,k,backend,degree,block_size,items_per_thread,phase,samples,median_ms,p25_ms,p75_ms,speedup_vs_air,operator,workload_id,size_tier,mode,source_csv,label,selection_mode,batch_size,temperature,seed,source_file,retention_ratio
2749d31664905c24a21b64a3a74ce59d83e4f5ee9b5495dd2530667804fffa96,59986052,32,bits-sq,128,512,7,operator,30,0.607872,0.6069125,0.6088454999999999,1.154379540429564,database-topn,database-sf10,large,fixed-k,/home/jirka/research/2024/bits-knn-jpdc2024/data/application-scaling/hopper01-35760923/database-topn-large.csv,bits (split),global,,,,,
2749d31664905c24a21b64a3a74ce59d83e4f5ee9b5495dd2530667804fffa96,59986052,64,bits-sq,128,512,7,operator,30,0.620586,0.619525,0.621337,1.1293986651326327,database-topn,database-sf10,large,fixed-k,/home/jirka/research/2024/bits-knn-jpdc2024/data/application-scaling/hopper01-35760923/database-topn-large.csv,bits (split),global,,,,,
2749d31664905c24a21b64a3a74ce59d83e4f5ee9b5495dd2530667804fffa96,59986052,128,bits-sq,128,512,7,operator,30,0.634948,0.63439425,0.6359097499999999,1.1079993952260658,database-topn,database-sf10,large,fixed-k,/home/jirka/research/2024/bits-knn-jpdc2024/data/application-scaling/hopper01-35760923/database-topn-large.csv,bits (split),global,,,,,
2749d31664905c24a21b64a3a74ce59d83e4f5ee9b5495dd2530667804fffa96,59986052,256,bits-sq,128,512,7,operator,30,0.6787745000000001,0.6781205,0.6793399999999999,1.041401820486774,database-topn,database-sf10,large,fixed-k,/home/jirka/research/2024/bits-knn-jpdc2024/data/application-scaling/hopper01-35760923/database-topn-large.csv,bits (split),global,,,,,
2749d31664905c24a21b64a3a74ce59d83e4f5ee9b5495dd2530667804fffa96,59986052,512,bits-sq,128,512,7,operator,30,0.7617309999999999,0.761215,0.762687,0.9383430633648887,database-topn,database-sf10,large,fixed-k,/home/jirka/research/2024/bits-knn-jpdc2024/data/application-scaling/hopper01-35760923/database-topn-large.csv,bits (split),global,,,,,
2749d31664905c24a21b64a3a74ce59d83e4f5ee9b5495dd2530667804fffa96,59986052,1024,bits-sq,128,512,7,operator,30,0.8631765,0.8624175000000001,0.8641805,0.8380933679264903,database-topn,database-sf10,large,fixed-k,/home/jirka/research/2024/bits-knn-jpdc2024/data/application-scaling/hopper01-35760923/database-topn-large.csv,bits (split),global,,,,,
2749d31664905c24a21b64a3a74ce59d83e4f5ee9b5495dd2530667804fffa96,59986052,32,air-topk,1,512,0,operator,30,0.701715,0.700292,0.7031417499999999,1.0,database-topn,database-sf10,large,fixed-k,/home/jirka/research/2024/bits-knn-jpdc2024/data/application-scaling/hopper01-35760923/database-topn-large.csv,AIR Top-K,global,,,,,
2749d31664905c24a21b64a3a74ce59d83e4f5ee9b5495dd2530667804fffa96,59986052,64,air-topk,1,512,0,operator,30,0.700889,0.70002775,0.7018875000000001,1.0,database-topn,database-sf10,large,fixed-k,/home/jirka/research/2024/bits-knn-jpdc2024/data/application-scaling/hopper01-35760923/database-topn-large.csv,AIR Top-K,global,,,,,
2749d31664905c24a21b64a3a74ce59d83e4f5ee9b5495dd2530667804fffa96,59986052,128,air-topk,1,512,0,operator,30,0.703522,0.701887,0.70475725,1.0,database-topn,database-sf10,large,fixed-k,/home/jirka/research/2024/bits-knn-jpdc2024/data/application-scaling/hopper01-35760923/database-topn-large.csv,AIR Top-K,global,,,,,
2749d31664905c24a21b64a3a74ce59d83e4f5ee9b5495dd2530667804fffa96,59986052,256,air-topk,1,512,0,operator,30,0.706877,0.7051525000000001,0.7079690000000001,1.0,database-topn,database-sf10,large,fixed-k,/home/jirka/research/2024/bits-knn-jpdc2024/data/application-scaling/hopper01-35760923/database-topn-large.csv,AIR Top-K,global,,,,,
2749d31664905c24a21b64a3a74ce59d83e4f5ee9b5495dd2530667804fffa96,59986052,512,air-topk,1,512,0,operator,30,0.714765,0.713272,0.71670025,1.0,database-topn,database-sf10,large,fixed-k,/home/jirka/research/2024/bits-knn-jpdc2024/data/application-scaling/hopper01-35760923/database-topn-large.csv,AIR Top-K,global,,,,,
2749d31664905c24a21b64a3a74ce59d83e4f5ee9b5495dd2530667804fffa96,59986052,1024,air-topk,1,512,0,operator,30,0.7234225000000001,0.72208525,0.7244515,1.0,database-topn,database-sf10,large,fixed-k,/home/jirka/research/2024/bits-knn-jpdc2024/data/application-scaling/hopper01-35760923/database-topn-large.csv,AIR Top-K,global,,,,,
2749d31664905c24a21b64a3a74ce59d83e4f5ee9b5495dd2530667804fffa96,59986052,32,grid-select,1,0,0,operator,30,0.625168,0.6238137500000001,0.6265707500000001,1.1224422875131166,database-topn,database-sf10,large,fixed-k,/home/jirka/research/2024/bits-knn-jpdc2024/data/application-scaling/hopper01-35760923/database-topn-large.csv,GridSelect,global,,,,,
2749d31664905c24a21b64a3a74ce59d83e4f5ee9b5495dd2530667804fffa96,59986052,64,grid-select,1,0,0,operator,30,0.651488,0.650266,0.652765,1.0758279507834374,database-topn,database-sf10,large,fixed-k,/home/jirka/research/2024/bits-knn-jpdc2024/data/application-scaling/hopper01-35760923/database-topn-large.csv,GridSelect,global,,,,,
2749d31664905c24a21b64a3a74ce59d83e4f5ee9b5495dd2530667804fffa96,59986052,128,grid-select,1,0,0,operator,30,0.71509,0.714358,0.7162635,0.9838230152847893,database-topn,database-sf10,large,fixed-k,/home/jirka/research/2024/bits-knn-jpdc2024/data/application-scaling/hopper01-35760923/database-topn-large.csv,GridSelect,global,,,,,
2749d31664905c24a21b64a3a74ce59d83e4f5ee9b5495dd2530667804fffa96,59986052,256,grid-select,1,0,0,operator,30,0.8453944999999999,0.84356975,0.847027,0.8361504599332028,database-topn,database-sf10,large,fixed-k,/home/jirka/research/2024/bits-knn-jpdc2024/data/application-scaling/hopper01-35760923/database-topn-large.csv,GridSelect,global,,,,,
2749d31664905c24a21b64a3a74ce59d83e4f5ee9b5495dd2530667804fffa96,59986052,512,grid-select,1,0,0,operator,30,1.2269195,1.2241127500000002,1.228317,0.5825687830375179,database-topn,database-sf10,large,fixed-k,/home/jirka/research/2024/bits-knn-jpdc2024/data/application-scaling/hopper01-35760923/database-topn-large.csv,GridSelect,global,,,,,
2749d31664905c24a21b64a3a74ce59d83e4f5ee9b5495dd2530667804fffa96,59986052,1024,grid-select,1,0,0,operator,30,2.1459944999999996,2.14406125,2.1504185,0.3371036132664833,database-topn,database-sf10,large,fixed-k,/home/jirka/research/2024/bits-knn-jpdc2024/data/application-scaling/hopper01-35760923/database-topn-large.csv,GridSelect,global,,,,,
b398319ce26ea990982d28f9cb21e0c6b3243b92fe67ebefaecb413da7cd562f,50257,32,bits-prefetch,1,128,7,operator,30,0.21074700000000002,0.21019600000000002,0.21121525000000002,1.8856828329703388,token-sampling,sampling-b512,large,fixed-k,/home/jirka/research/2024/bits-knn-jpdc2024/data/application-scaling/hopper01-35760923/token-sampling-large.csv,bits,global,512,1.0,42,/home/jirka/research/2024/bits-knn-jpdc2024/data/application-scaling/hopper01-35760923/token-sampling-large.csv,0.0006367272220785164
b398319ce26ea990982d28f9cb21e0c6b3243b92fe67ebefaecb413da7cd562f,50257,64,bits-prefetch,1,128,7,operator,30,0.217062,0.2165335,0.21787549999999997,1.886002616763874,token-sampling,sampling-b512,large,fixed-k,/home/jirka/research/2024/bits-knn-jpdc2024/data/application-scaling/hopper01-35760923/token-sampling-large.csv,bits,global,512,1.0,42,/home/jirka/research/2024/bits-knn-jpdc2024/data/application-scaling/hopper01-35760923/token-sampling-large.csv,0.0012734544441570328
b398319ce26ea990982d28f9cb21e0c6b3243b92fe67ebefaecb413da7cd562f,50257,128,bits-prefetch,1,128,7,operator,30,0.2426605,0.2418515,0.2434885,1.7545706862056247,token-sampling,sampling-b512,large,fixed-k,/home/jirka/research/2024/bits-knn-jpdc2024/data/application-scaling/hopper01-35760923/token-sampling-large.csv,bits,global,512,1.0,42,/home/jirka/research/2024/bits-knn-jpdc2024/data/application-scaling/hopper01-35760923/token-sampling-large.csv,0.0025469088883140656
b398319ce26ea990982d28f9cb21e0c6b3243b92fe67ebefaecb413da7cd562f,50257,256,bits-prefetch,1,128,7,operator,30,0.26819899999999997,0.2671255,0.26911525000000003,1.6968351858135193,token-sampling,sampling-b512,large,fixed-k,/home/jirka/research/2024/bits-knn-jpdc2024/data/application-scaling/hopper01-35760923/token-sampling-large.csv,bits,global,512,1.0,42,/home/jirka/research/2024/bits-knn-jpdc2024/data/application-scaling/hopper01-35760923/token-sampling-large.csv,0.005093817776628131
b398319ce26ea990982d28f9cb21e0c6b3243b92fe67ebefaecb413da7cd562f,50257,512,bits-prefetch,1,128,7,operator,30,0.3254315,0.32393900000000003,0.32730725,1.5523251436938343,token-sampling,sampling-b512,large,fixed-k,/home/jirka/research/2024/bits-knn-jpdc2024/data/application-scaling/hopper01-35760923/token-sampling-large.csv,bits,global,512,1.0,42,/home/jirka/research/2024/bits-knn-jpdc2024/data/application-scaling/hopper01-35760923/token-sampling-large.csv,0.010187635553256262
b398319ce26ea990982d28f9cb21e0c6b3243b92fe67ebefaecb413da7cd562f,50257,1024,bits-prefetch,1,128,7,operator,30,0.462561,0.45630125,0.464534,1.2792096609960635,token-sampling,sampling-b512,large,fixed-k,/home/jirka/research/2024/bits-knn-jpdc2024/data/application-scaling/hopper01-35760923/token-sampling-large.csv,bits,global,512,1.0,42,/home/jirka/research/2024/bits-knn-jpdc2024/data/application-scaling/hopper01-35760923/token-sampling-large.csv,0.020375271106512525
b398319ce26ea990982d28f9cb21e0c6b3243b92fe67ebefaecb413da7cd562f,50257,32,air-topk,1,512,0,operator,30,0.39740200000000003,0.396501,0.39803625000000004,1.0,token-sampling,sampling-b512,large,fixed-k,/home/jirka/research/2024/bits-knn-jpdc2024/data/application-scaling/hopper01-35760923/token-sampling-large.csv,AIR Top-K,global,512,1.0,42,/home/jirka/research/2024/bits-knn-jpdc2024/data/application-scaling/hopper01-35760923/token-sampling-large.csv,0.0006367272220785164
b398319ce26ea990982d28f9cb21e0c6b3243b92fe67ebefaecb413da7cd562f,50257,64,air-topk,1,512,0,operator,30,0.4093795,0.407667,0.410547,1.0,token-sampling,sampling-b512,large,fixed-k,/home/jirka/research/2024/bits-knn-jpdc2024/data/application-scaling/hopper01-35760923/token-sampling-large.csv,AIR Top-K,global,512,1.0,42,/home/jirka/research/2024/bits-knn-jpdc2024/data/application-scaling/hopper01-35760923/token-sampling-large.csv,0.0012734544441570328
b398319ce26ea990982d28f9cb21e0c6b3243b92fe67ebefaecb413da7cd562f,50257,128,air-topk,1,512,0,operator,30,0.425765,0.42527175,0.42683924999999995,1.0,token-sampling,sampling-b512,large,fixed-k,/home/jirka/research/2024/bits-knn-jpdc2024/data/application-scaling/hopper01-35760923/token-sampling-large.csv,AIR Top-K,global,512,1.0,42,/home/jirka/research/2024/bits-knn-jpdc2024/data/application-scaling/hopper01-35760923/token-sampling-large.csv,0.0025469088883140656
b398319ce26ea990982d28f9cb21e0c6b3243b92fe67ebefaecb413da7cd562f,50257,256,air-topk,1,512,0,operator,30,0.45508950000000004,0.45369750000000003,0.4562685,1.0,token-sampling,sampling-b512,large,fixed-k,/home/jirka/research/2024/bits-knn-jpdc2024/data/application-scaling/hopper01-35760923/token-sampling-large.csv,AIR Top-K,global,512,1.0,42,/home/jirka/research/2024/bits-knn-jpdc2024/data/application-scaling/hopper01-35760923/token-sampling-large.csv,0.005093817776628131
b398319ce26ea990982d28f9cb21e0c6b3243b92fe67ebefaecb413da7cd562f,50257,512,air-topk,1,512,0,operator,30,0.5051755,0.503979,0.506287,1.0,token-sampling,sampling-b512,large,fixed-k,/home/jirka/research/2024/bits-knn-jpdc2024/data/application-scaling/hopper01-35760923/token-sampling-large.csv,AIR Top-K,global,512,1.0,42,/home/jirka/research/2024/bits-knn-jpdc2024/data/application-scaling/hopper01-35760923/token-sampling-large.csv,0.010187635553256262
b398319ce26ea990982d28f9cb21e0c6b3243b92fe67ebefaecb413da7cd562f,50257,1024,air-topk,1,512,0,operator,30,0.5917125000000001,0.5906785000000001,0.592684,1.0,token-sampling,sampling-b512,large,fixed-k,/home/jirka/research/2024/bits-knn-jpdc2024/data/application-scaling/hopper01-35760923/token-sampling-large.csv,AIR Top-K,global,512,1.0,42,/home/jirka/research/2024/bits-knn-jpdc2024/data/application-scaling/hopper01-35760923/token-sampling-large.csv,0.020375271106512525
b398319ce26ea990982d28f9cb21e0c6b3243b92fe67ebefaecb413da7cd562f,50257,32,grid-select,1,0,0,operator,30,0.282111,0.281616,0.2826495,1.408672472891876,token-sampling,sampling-b512,large,fixed-k,/home/jirka/research/2024/bits-knn-jpdc2024/data/application-scaling/hopper01-35760923/token-sampling-large.csv,GridSelect,global,512,1.0,42,/home/jirka/research/2024/bits-knn-jpdc2024/data/application-scaling/hopper01-35760923/token-sampling-large.csv,0.0006367272220785164
b398319ce26ea990982d28f9cb21e0c6b3243b92fe67ebefaecb413da7cd562f,50257,64,grid-select,1,0,0,operator,30,0.300173,0.29968474999999994,0.30081650000000004,1.3638118684891711,token-sampling,sampling-b512,large,fixed-k,/home/jirka/research/2024/bits-knn-jpdc2024/data/application-scaling/hopper01-35760923/token-sampling-large.csv,GridSelect,global,512,1.0,42,/home/jirka/research/2024/bits-knn-jpdc2024/data/application-scaling/hopper01-35760923/token-sampling-large.csv,0.0012734544441570328
b398319ce26ea990982d28f9cb21e0c6b3243b92fe67ebefaecb413da7cd562f,50257,128,grid-select,1,0,0,operator,30,0.363069,0.3618595,0.36458575000000004,1.1726834293205977,token-sampling,sampling-b512,large,fixed-k,/home/jirka/research/2024/bits-knn-jpdc2024/data/application-scaling/hopper01-35760923/token-sampling-large.csv,GridSelect,global,512,1.0,42,/home/jirka/research/2024/bits-knn-jpdc2024/data/application-scaling/hopper01-35760923/token-sampling-large.csv,0.0025469088883140656
b398319ce26ea990982d28f9cb21e0c6b3243b92fe67ebefaecb413da7cd562f,50257,256,grid-select,1,0,0,operator,30,0.5431135,0.5413285,0.54563425,0.8379270631276888,token-sampling,sampling-b512,large,fixed-k,/home/jirka/research/2024/bits-knn-jpdc2024/data/application-scaling/hopper01-35760923/token-sampling-large.csv,GridSelect,global,512,1.0,42,/home/jirka/research/2024/bits-knn-jpdc2024/data/application-scaling/hopper01-35760923/token-sampling-large.csv,0.005093817776628131
b398319ce26ea990982d28f9cb21e0c6b3243b92fe67ebefaecb413da7cd562f,50257,512,grid-select,1,0,0,operator,30,0.6690655,0.6679714999999999,0.67034275,0.7550464042758146,token-sampling,sampling-b512,large,fixed-k,/home/jirka/research/2024/bits-knn-jpdc2024/data/application-scaling/hopper01-35760923/token-sampling-large.csv,GridSelect,global,512,1.0,42,/home/jirka/research/2024/bits-knn-jpdc2024/data/application-scaling/hopper01-35760923/token-sampling-large.csv,0.010187635553256262
b398319ce26ea990982d28f9cb21e0c6b3243b92fe67ebefaecb413da7cd562f,50257,1024,grid-select,1,0,0,operator,30,1.308887,1.302846,1.31245775,0.4520730208184512,token-sampling,sampling-b512,large,fixed-k,/home/jirka/research/2024/bits-knn-jpdc2024/data/application-scaling/hopper01-35760923/token-sampling-large.csv,GridSelect,global,512,1.0,42,/home/jirka/research/2024/bits-knn-jpdc2024/data/application-scaling/hopper01-35760923/token-sampling-large.csv,0.020375271106512525
9a73940e35f1757752ed4c0cd9abf2e554e2884d5280d921429875bf192f46b6,38597376,32,bits-sq,128,512,7,operator,30,0.35660400000000003,0.35605625,0.35748575000000005,1.0943525591412322,gradient-compression,gradient-embedding,large,fixed-k,/home/jirka/research/2024/bits-knn-jpdc2024/data/application-scaling/hopper01-35760923/gradient-compression-large.csv,bits (split),global,1,0.0,0,/home/jirka/research/2024/bits-knn-jpdc2024/data/application-scaling/hopper01-35760923/gradient-compression-large.csv,8.290719037480682e-07
9a73940e35f1757752ed4c0cd9abf2e554e2884d5280d921429875bf192f46b6,38597376,64,bits-sq,128,512,7,operator,30,0.37349,0.37311675,0.3744212499999999,1.0482810784759966,gradient-compression,gradient-embedding,large,fixed-k,/home/jirka/research/2024/bits-knn-jpdc2024/data/application-scaling/hopper01-35760923/gradient-compression-large.csv,bits (split),global,1,0.0,0,/home/jirka/research/2024/bits-knn-jpdc2024/data/application-scaling/hopper01-35760923/gradient-compression-large.csv,1.6581438074961365e-06
9a73940e35f1757752ed4c0cd9abf2e554e2884d5280d921429875bf192f46b6,38597376,128,bits-sq,128,512,7,operator,30,0.38443700000000003,0.383871,0.385408,1.015578625366445,gradient-compression,gradient-embedding,large,fixed-k,/home/jirka/research/2024/bits-knn-jpdc2024/data/application-scaling/hopper01-35760923/gradient-compression-large.csv,bits (split),global,1,0.0,0,/home/jirka/research/2024/bits-knn-jpdc2024/data/application-scaling/hopper01-35760923/gradient-compression-large.csv,3.316287614992273e-06
9a73940e35f1757752ed4c0cd9abf2e554e2884d5280d921429875bf192f46b6,38597376,256,bits-sq,128,512,7,operator,30,0.4049135,0.40399599999999997,0.40651499999999996,0.9701059609027607,gradient-compression,gradient-embedding,large,fixed-k,/home/jirka/research/2024/bits-knn-jpdc2024/data/application-scaling/hopper01-35760923/gradient-compression-large.csv,bits (split),global,1,0.0,0,/home/jirka/research/2024/bits-knn-jpdc2024/data/application-scaling/hopper01-35760923/gradient-compression-large.csv,6.632575229984546e-06
9a73940e35f1757752ed4c0cd9abf2e554e2884d5280d921429875bf192f46b6,38597376,512,bits-sq,128,512,7,operator,30,0.471584,0.4703155,0.47292175,0.8320543105788152,gradient-compression,gradient-embedding,large,fixed-k,/home/jirka/research/2024/bits-knn-jpdc2024/data/application-scaling/hopper01-35760923/gradient-compression-large.csv,bits (split),global,1,0.0,0,/home/jirka/research/2024/bits-knn-jpdc2024/data/application-scaling/hopper01-35760923/gradient-compression-large.csv,1.3265150459969092e-05
9a73940e35f1757752ed4c0cd9abf2e554e2884d5280d921429875bf192f46b6,38597376,1024,bits-sq,128,512,7,operator,30,0.57023,0.56617075,0.572747,0.6881503954544657,gradient-compression,gradient-embedding,large,fixed-k,/home/jirka/research/2024/bits-knn-jpdc2024/data/application-scaling/hopper01-35760923/gradient-compression-large.csv,bits (split),global,1,0.0,0,/home/jirka/research/2024/bits-knn-jpdc2024/data/application-scaling/hopper01-35760923/gradient-compression-large.csv,2.6530300919938183e-05
9a73940e35f1757752ed4c0cd9abf2e554e2884d5280d921429875bf192f46b6,38597376,32,air-topk,1,512,0,operator,30,0.3902505,0.3896415,0.39079925000000004,1.0,gradient-compression,gradient-embedding,large,fixed-k,/home/jirka/research/2024/bits-knn-jpdc2024/data/application-scaling/hopper01-35760923/gradient-compression-large.csv,AIR Top-K,global,1,0.0,0,/home/jirka/research/2024/bits-knn-jpdc2024/data/application-scaling/hopper01-35760923/gradient-compression-large.csv,8.290719037480682e-07
9a73940e35f1757752ed4c0cd9abf2e554e2884d5280d921429875bf192f46b6,38597376,64,air-topk,1,512,0,operator,30,0.3915225,0.39097925,0.39226625000000004,1.0,gradient-compression,gradient-embedding,large,fixed-k,/home/jirka/research/2024/bits-knn-jpdc2024/data/application-scaling/hopper01-35760923/gradient-compression-large.csv,AIR Top-K,global,1,0.0,0,/home/jirka/research/2024/bits-knn-jpdc2024/data/application-scaling/hopper01-35760923/gradient-compression-large.csv,1.6581438074961365e-06
9a73940e35f1757752ed4c0cd9abf2e554e2884d5280d921429875bf192f46b6,38597376,128,air-topk,1,512,0,operator,30,0.39042600000000005,0.39000500000000005,0.39125424999999997,1.0,gradient-compression,gradient-embedding,large,fixed-k,/home/jirka/research/2024/bits-knn-jpdc2024/data/application-scaling/hopper01-35760923/gradient-compression-large.csv,AIR Top-K,global,1,0.0,0,/home/jirka/research/2024/bits-knn-jpdc2024/data/application-scaling/hopper01-35760923/gradient-compression-large.csv,3.316287614992273e-06
9a73940e35f1757752ed4c0cd9abf2e554e2884d5280d921429875bf192f46b6,38597376,256,air-topk,1,512,0,operator,30,0.39280899999999996,0.39168800000000004,0.39346324999999993,1.0,gradient-compression,gradient-embedding,large,fixed-k,/home/jirka/research/2024/bits-knn-jpdc2024/data/application-scaling/hopper01-35760923/gradient-compression-large.csv,AIR Top-K,global,1,0.0,0,/home/jirka/research/2024/bits-knn-jpdc2024/data/application-scaling/hopper01-35760923/gradient-compression-large.csv,6.632575229984546e-06
9a73940e35f1757752ed4c0cd9abf2e554e2884d5280d921429875bf192f46b6,38597376,512,air-topk,1,512,0,operator,30,0.3923835,0.39207875000000003,0.39335074999999997,1.0,gradient-compression,gradient-embedding,large,fixed-k,/home/jirka/research/2024/bits-knn-jpdc2024/data/application-scaling/hopper01-35760923/gradient-compression-large.csv,AIR Top-K,global,1,0.0,0,/home/jirka/research/2024/bits-knn-jpdc2024/data/application-scaling/hopper01-35760923/gradient-compression-large.csv,1.3265150459969092e-05
9a73940e35f1757752ed4c0cd9abf2e554e2884d5280d921429875bf192f46b6,38597376,1024,air-topk,1,512,0,operator,30,0.392404,0.39165275,0.3931925,1.0,gradient-compression,gradient-embedding,large,fixed-k,/home/jirka/research/2024/bits-knn-jpdc2024/data/application-scaling/hopper01-35760923/gradient-compression-large.csv,AIR Top-K,global,1,0.0,0,/home/jirka/research/2024/bits-knn-jpdc2024/data/application-scaling/hopper01-35760923/gradient-compression-large.csv,2.6530300919938183e-05
9a73940e35f1757752ed4c0cd9abf2e554e2884d5280d921429875bf192f46b6,38597376,32,grid-select,1,0,0,operator,30,0.35191649999999997,0.351281,0.352738,1.1089292488416997,gradient-compression,gradient-embedding,large,fixed-k,/home/jirka/research/2024/bits-knn-jpdc2024/data/application-scaling/hopper01-35760923/gradient-compression-large.csv,GridSelect,global,1,0.0,0,/home/jirka/research/2024/bits-knn-jpdc2024/data/application-scaling/hopper01-35760923/gradient-compression-large.csv,8.290719037480682e-07
9a73940e35f1757752ed4c0cd9abf2e554e2884d5280d921429875bf192f46b6,38597376,64,grid-select,1,0,0,operator,30,0.379394,0.378773,0.38005249999999996,1.0319680859475902,gradient-compression,gradient-embedding,large,fixed-k,/home/jirka/research/2024/bits-knn-jpdc2024/data/application-scaling/hopper01-35760923/gradient-compression-large.csv,GridSelect,global,1,0.0,0,/home/jirka/research/2024/bits-knn-jpdc2024/data/application-scaling/hopper01-35760923/gradient-compression-large.csv,1.6581438074961365e-06
9a73940e35f1757752ed4c0cd9abf2e554e2884d5280d921429875bf192f46b6,38597376,128,grid-select,1,0,0,operator,30,0.438625,0.43806575,0.43923,0.8901134226275293,gradient-compression,gradient-embedding,large,fixed-k,/home/jirka/research/2024/bits-knn-jpdc2024/data/application-scaling/hopper01-35760923/gradient-compression-large.csv,GridSelect,global,1,0.0,0,/home/jirka/research/2024/bits-knn-jpdc2024/data/application-scaling/hopper01-35760923/gradient-compression-large.csv,3.316287614992273e-06
9a73940e35f1757752ed4c0cd9abf2e554e2884d5280d921429875bf192f46b6,38597376,256,grid-select,1,0,0,operator,30,0.534851,0.5337642499999999,0.5354844999999999,0.7344269712499368,gradient-compression,gradient-embedding,large,fixed-k,/home/jirka/research/2024/bits-knn-jpdc2024/data/application-scaling/hopper01-35760923/gradient-compression-large.csv,GridSelect,global,1,0.0,0,/home/jirka/research/2024/bits-knn-jpdc2024/data/application-scaling/hopper01-35760923/gradient-compression-large.csv,6.632575229984546e-06
9a73940e35f1757752ed4c0cd9abf2e554e2884d5280d921429875bf192f46b6,38597376,512,grid-select,1,0,0,operator,30,0.8605835,0.8595459999999999,0.8623052499999999,0.455950526590389,gradient-compression,gradient-embedding,large,fixed-k,/home/jirka/research/2024/bits-knn-jpdc2024/data/application-scaling/hopper01-35760923/gradient-compression-large.csv,GridSelect,global,1,0.0,0,/home/jirka/research/2024/bits-knn-jpdc2024/data/application-scaling/hopper01-35760923/gradient-compression-large.csv,1.3265150459969092e-05
9a73940e35f1757752ed4c0cd9abf2e554e2884d5280d921429875bf192f46b6,38597376,1024,grid-select,1,0,0,operator,30,1.696644,1.69583975,1.69803175,0.23128246114093468,gradient-compression,gradient-embedding,large,fixed-k,/home/jirka/research/2024/bits-knn-jpdc2024/data/application-scaling/hopper01-35760923/gradient-compression-large.csv,GridSelect,global,1,0.0,0,/home/jirka/research/2024/bits-knn-jpdc2024/data/application-scaling/hopper01-35760923/gradient-compression-large.csv,2.6530300919938183e-05
