file,dataset,dim,query_count,point_count,situation,k,sota,proposed,speedup
data/kselection-volta05-108425.csv,Uniform,1,64,16777216,max_speedup,512,89114969036.88754,200365907601.1203,2.248397881597001
data/kselection-volta05-108425.csv,Uniform,1,64,16777216,min_speedup,64,128224731641.95374,208478138772.2217,1.625880874169909
data/kselection-volta05-108425.csv,Uniform,1,64,16777216,avg_speedup,0,0,0,1.9726709626860395
data/kselection-volta05-108425.csv,Uniform,1,64,16777216,max_relative_throughput,32,241591910400.0,210775263725.29404,0.8724433834573214
data/kselection-volta05-108425.csv,Uniform,1,64,16777216,min_relative_throughput,1024,241591910400.0,194211844981.53857,0.8038838910623498
data/kselection-volta05-108425.csv,Uniform,1,64,16777216,avg_relative_throughput,0,241591910400.0,202946858955.9494,0.8400399608576853
data/kselection-volta05-108425.csv,Uniform,1,256,4194304,max_speedup,64,91450233919.7688,211893565175.10883,2.3170368854497134
data/kselection-volta05-108425.csv,Uniform,1,256,4194304,min_speedup,2048,89597814689.53067,190465668202.111,2.1257847511359733
data/kselection-volta05-108425.csv,Uniform,1,256,4194304,avg_speedup,0,0,0,2.2639829666852656
data/kselection-volta05-108425.csv,Uniform,1,256,4194304,max_relative_throughput,64,241591910400.0,211893565175.10883,0.8770722696148224
data/kselection-volta05-108425.csv,Uniform,1,256,4194304,min_relative_throughput,2048,241591910400.0,190465668202.111,0.7883776732704333
data/kselection-volta05-108425.csv,Uniform,1,256,4194304,avg_relative_throughput,0,241591910400.0,205802452895.39932,0.8518598679676624
data/kselection-volta05-108425.csv,Uniform,1,1024,1048576,max_speedup,512,73337683244.43327,194708131602.9906,2.654953401705255
data/kselection-volta05-108425.csv,Uniform,1,1024,1048576,min_speedup,32,97901499591.59605,207252829937.0987,2.116952557434467
data/kselection-volta05-108425.csv,Uniform,1,1024,1048576,avg_speedup,0,0,0,2.4118377057999956
data/kselection-volta05-108425.csv,Uniform,1,1024,1048576,max_relative_throughput,32,241591910400.0,207252829937.0987,0.8578632852149453
data/kselection-volta05-108425.csv,Uniform,1,1024,1048576,min_relative_throughput,2048,241591910400.0,172705842402.86505,0.7148659991012061
data/kselection-volta05-108425.csv,Uniform,1,1024,1048576,avg_relative_throughput,0,241591910400.0,196715283860.3733,0.8142461539158112
data/kselection-volta05-108425.csv,Uniform,1,4096,262144,max_speedup,512,86641184375.73242,193627423485.4334,2.2348196747373534
data/kselection-volta05-108425.csv,Uniform,1,4096,262144,min_speedup,32,137868759882.40845,214179747555.40503,1.5535045628762023
data/kselection-volta05-108425.csv,Uniform,1,4096,262144,avg_speedup,0,0,0,1.887038357168402
data/kselection-volta05-108425.csv,Uniform,1,4096,262144,max_relative_throughput,32,241591910400.0,214179747555.40503,0.8865352618835247
data/kselection-volta05-108425.csv,Uniform,1,4096,262144,min_relative_throughput,2048,241591910400.0,118706898523.59555,0.4913529527005038
data/kselection-volta05-108425.csv,Uniform,1,4096,262144,avg_relative_throughput,0,241591910400.0,187722505448.67288,0.7770231426121166
data/kselection-volta05-108425.csv,Uniform,1,1024,1048576,global_max_speedup,512,73337683244.43327,194708131602.9906,2.654953401705255
data/kselection-volta05-108425.csv,Uniform,1,4096,262144,global_min_speedup,32,137868759882.40845,214179747555.40503,1.5535045628762023
data/kselection-volta05-108425.csv,Uniform,1,0,0,global_avg_speedup,0,0,0,2.1338824980849256
data/kselection-volta05-108425.csv,Uniform,1,4096,262144,global_max_relative_throughput,32,241591910400.0,214179747555.40503,0.8865352618835247
data/kselection-volta05-108425.csv,Uniform,1,4096,262144,global_min_relative_throughput,2048,241591910400.0,118706898523.59555,0.4913529527005038
data/kselection-volta05-108425.csv,Uniform,1,0,0,global_avg_relative_throughput,0,241591910400.0,198296775290.09875,0.8207922813383189
data/kselection-volta05-108425.csv,Uniform,1,64,16777216,max_speedup,32,90728350010.2394,210775263725.29404,2.3231466647581094
data/kselection-volta05-108425.csv,Uniform,1,64,16777216,min_speedup,1024,88724661386.51685,194211844981.53857,2.1889274294942784
data/kselection-volta05-108425.csv,Uniform,1,64,16777216,avg_speedup,0,0,0,2.2640472626549055
data/kselection-volta05-108425.csv,Uniform,1,64,16777216,max_relative_throughput,32,241591910400.0,210775263725.29404,0.8724433834573214
data/kselection-volta05-108425.csv,Uniform,1,64,16777216,min_relative_throughput,1024,241591910400.0,194211844981.53857,0.8038838910623498
data/kselection-volta05-108425.csv,Uniform,1,64,16777216,avg_relative_throughput,0,241591910400.0,202946858955.9494,0.8400399608576853
data/kselection-volta05-108425.csv,Uniform,1,256,4194304,max_speedup,64,91450233919.7688,211893565175.10883,2.3170368854497134
data/kselection-volta05-108425.csv,Uniform,1,256,4194304,min_speedup,2048,89597814689.53067,190465668202.111,2.1257847511359733
data/kselection-volta05-108425.csv,Uniform,1,256,4194304,avg_speedup,0,0,0,2.2639829666852656
data/kselection-volta05-108425.csv,Uniform,1,256,4194304,max_relative_throughput,64,241591910400.0,211893565175.10883,0.8770722696148224
data/kselection-volta05-108425.csv,Uniform,1,256,4194304,min_relative_throughput,2048,241591910400.0,190465668202.111,0.7883776732704333
data/kselection-volta05-108425.csv,Uniform,1,256,4194304,avg_relative_throughput,0,241591910400.0,205802452895.39932,0.8518598679676624
data/kselection-volta05-108425.csv,Uniform,1,1024,1048576,max_speedup,512,73337683244.43327,194708131602.9906,2.654953401705255
data/kselection-volta05-108425.csv,Uniform,1,1024,1048576,min_speedup,2048,72072982083.60426,172705842402.86505,2.396263307136747
data/kselection-volta05-108425.csv,Uniform,1,1024,1048576,avg_speedup,0,0,0,2.4928413830626224
data/kselection-volta05-108425.csv,Uniform,1,1024,1048576,max_relative_throughput,32,241591910400.0,207252829937.0987,0.8578632852149453
data/kselection-volta05-108425.csv,Uniform,1,1024,1048576,min_relative_throughput,2048,241591910400.0,172705842402.86505,0.7148659991012061
data/kselection-volta05-108425.csv,Uniform,1,1024,1048576,avg_relative_throughput,0,241591910400.0,196715283860.3733,0.8142461539158112
data/kselection-volta05-108425.csv,Uniform,1,4096,262144,max_speedup,512,77184713803.80278,193627423485.4334,2.5086239741410257
data/kselection-volta05-108425.csv,Uniform,1,4096,262144,min_speedup,2048,73524686001.15063,118706898523.59555,1.6145175855866671
data/kselection-volta05-108425.csv,Uniform,1,4096,262144,avg_speedup,0,0,0,1.9786869235229907
data/kselection-volta05-108425.csv,Uniform,1,4096,262144,max_relative_throughput,32,241591910400.0,214179747555.40503,0.8865352618835247
data/kselection-volta05-108425.csv,Uniform,1,4096,262144,min_relative_throughput,2048,241591910400.0,118706898523.59555,0.4913529527005038
data/kselection-volta05-108425.csv,Uniform,1,4096,262144,avg_relative_throughput,0,241591910400.0,187722505448.67288,0.7770231426121166
data/kselection-volta05-108425.csv,Uniform,1,1024,1048576,global_max_speedup,512,73337683244.43327,194708131602.9906,2.654953401705255
data/kselection-volta05-108425.csv,Uniform,1,4096,262144,global_min_speedup,2048,73524686001.15063,118706898523.59555,1.6145175855866671
data/kselection-volta05-108425.csv,Uniform,1,0,0,global_avg_speedup,0,0,0,2.249889633981446
data/kselection-volta05-108425.csv,Uniform,1,4096,262144,global_max_relative_throughput,32,241591910400.0,214179747555.40503,0.8865352618835247
data/kselection-volta05-108425.csv,Uniform,1,4096,262144,global_min_relative_throughput,2048,241591910400.0,118706898523.59555,0.4913529527005038
data/kselection-volta05-108425.csv,Uniform,1,0,0,global_avg_relative_throughput,0,241591910400.0,198296775290.09875,0.8207922813383189
data/kselection-ampere02-108427.csv,Uniform,1,64,16777216,max_speedup,256,156175701744.04245,269938344481.35858,1.7284272871317883
data/kselection-ampere02-108427.csv,Uniform,1,64,16777216,min_speedup,32,239829493389.1432,294789092344.4055,1.2291611351823433
data/kselection-ampere02-108427.csv,Uniform,1,64,16777216,avg_speedup,0,0,0,1.553266870008699
data/kselection-ampere02-108427.csv,Uniform,1,64,16777216,max_relative_throughput,32,519422607360.0,294789092344.4055,0.5675322717328203
data/kselection-ampere02-108427.csv,Uniform,1,64,16777216,min_relative_throughput,2048,519422607360.0,241050292689.47885,0.4640735487325687
data/kselection-ampere02-108427.csv,Uniform,1,64,16777216,avg_relative_throughput,0,519422607360.0,274718326793.3536,0.5288917403684599
data/kselection-ampere02-108427.csv,Uniform,1,256,4194304,max_speedup,128,155814868556.40573,366657087353.6301,2.353158531985017
data/kselection-ampere02-108427.csv,Uniform,1,256,4194304,min_speedup,2048,153803583929.3963,290346521578.9206,1.887774745952633
data/kselection-ampere02-108427.csv,Uniform,1,256,4194304,avg_speedup,0,0,0,2.14726531015387
data/kselection-ampere02-108427.csv,Uniform,1,256,4194304,max_relative_throughput,32,519422607360.0,370279320500.2883,0.7128671629874903
data/kselection-ampere02-108427.csv,Uniform,1,256,4194304,min_relative_throughput,2048,519422607360.0,290346521578.9206,0.5589793695246076
data/kselection-ampere02-108427.csv,Uniform,1,256,4194304,avg_relative_throughput,0,519422607360.0,348346562216.8694,0.6706418959840119
data/kselection-ampere02-108427.csv,Uniform,1,1024,1048576,max_speedup,256,151952064889.67935,393056392811.19556,2.586713073603596
data/kselection-ampere02-108427.csv,Uniform,1,1024,1048576,min_speedup,32,227231466283.8102,401568747597.11395,1.7672233259083843
data/kselection-ampere02-108427.csv,Uniform,1,1024,1048576,avg_speedup,0,0,0,2.176788167706644
data/kselection-ampere02-108427.csv,Uniform,1,1024,1048576,max_relative_throughput,32,519422607360.0,401568747597.11395,0.7731060256274055
data/kselection-ampere02-108427.csv,Uniform,1,1024,1048576,min_relative_throughput,2048,519422607360.0,287886176004.07623,0.5542426762425242
data/kselection-ampere02-108427.csv,Uniform,1,1024,1048576,avg_relative_throughput,0,519422607360.0,371185710066.18,0.7146121574352646
data/kselection-ampere02-108427.csv,Uniform,1,4096,262144,max_speedup,256,151654257805.33157,400432595054.93774,2.6404309437124165
data/kselection-ampere02-108427.csv,Uniform,1,4096,262144,min_speedup,2048,144208871961.20886,161160526727.7932,1.117549319511661
data/kselection-ampere02-108427.csv,Uniform,1,4096,262144,avg_speedup,0,0,0,1.9270864248275785
data/kselection-ampere02-108427.csv,Uniform,1,4096,262144,max_relative_throughput,64,519422607360.0,407753006923.6323,0.7850120521246932
data/kselection-ampere02-108427.csv,Uniform,1,4096,262144,min_relative_throughput,2048,519422607360.0,161160526727.7932,0.3102686029530026
data/kselection-ampere02-108427.csv,Uniform,1,4096,262144,avg_relative_throughput,0,519422607360.0,335821074444.17865,0.6465276437446795
data/kselection-ampere02-108427.csv,Uniform,1,4096,262144,global_max_speedup,256,151654257805.33157,400432595054.93774,2.6404309437124165
data/kselection-ampere02-108427.csv,Uniform,1,4096,262144,global_min_speedup,2048,144208871961.20886,161160526727.7932,1.117549319511661
data/kselection-ampere02-108427.csv,Uniform,1,0,0,global_avg_speedup,0,0,0,1.951101693174198
data/kselection-ampere02-108427.csv,Uniform,1,4096,262144,global_max_relative_throughput,64,519422607360.0,407753006923.6323,0.7850120521246932
data/kselection-ampere02-108427.csv,Uniform,1,4096,262144,global_min_relative_throughput,2048,519422607360.0,161160526727.7932,0.3102686029530026
data/kselection-ampere02-108427.csv,Uniform,1,0,0,global_avg_relative_throughput,0,519422607360.0,332517918380.14526,0.6401683593831038
data/kselection-ampere02-108427.csv,Uniform,1,64,16777216,max_speedup,256,156175701744.04245,269938344481.35858,1.7284272871317883
data/kselection-ampere02-108427.csv,Uniform,1,64,16777216,min_speedup,32,239829493389.1432,294789092344.4055,1.2291611351823433
data/kselection-ampere02-108427.csv,Uniform,1,64,16777216,avg_speedup,0,0,0,1.5559311516532504
data/kselection-ampere02-108427.csv,Uniform,1,64,16777216,max_relative_throughput,32,519422607360.0,294789092344.4055,0.5675322717328203
data/kselection-ampere02-108427.csv,Uniform,1,64,16777216,min_relative_throughput,2048,519422607360.0,241050292689.47885,0.4640735487325687
data/kselection-ampere02-108427.csv,Uniform,1,64,16777216,avg_relative_throughput,0,519422607360.0,274718326793.3536,0.5288917403684599
data/kselection-ampere02-108427.csv,Uniform,1,256,4194304,max_speedup,64,152308333025.04993,369457950565.10034,2.4257238144963225
data/kselection-ampere02-108427.csv,Uniform,1,256,4194304,min_speedup,2048,153803583929.3963,290346521578.9206,1.887774745952633
data/kselection-ampere02-108427.csv,Uniform,1,256,4194304,avg_speedup,0,0,0,2.190241782509023
data/kselection-ampere02-108427.csv,Uniform,1,256,4194304,max_relative_throughput,32,519422607360.0,370279320500.2883,0.7128671629874903
data/kselection-ampere02-108427.csv,Uniform,1,256,4194304,min_relative_throughput,2048,519422607360.0,290346521578.9206,0.5589793695246076
data/kselection-ampere02-108427.csv,Uniform,1,256,4194304,avg_relative_throughput,0,519422607360.0,348346562216.8694,0.6706418959840119
data/kselection-ampere02-108427.csv,Uniform,1,1024,1048576,max_speedup,256,151952064889.67935,393056392811.19556,2.586713073603596
data/kselection-ampere02-108427.csv,Uniform,1,1024,1048576,min_speedup,32,227231466283.8102,401568747597.11395,1.7672233259083843
data/kselection-ampere02-108427.csv,Uniform,1,1024,1048576,avg_speedup,0,0,0,2.176788167706644
data/kselection-ampere02-108427.csv,Uniform,1,1024,1048576,max_relative_throughput,32,519422607360.0,401568747597.11395,0.7731060256274055
data/kselection-ampere02-108427.csv,Uniform,1,1024,1048576,min_relative_throughput,2048,519422607360.0,287886176004.07623,0.5542426762425242
data/kselection-ampere02-108427.csv,Uniform,1,1024,1048576,avg_relative_throughput,0,519422607360.0,371185710066.18,0.7146121574352646
data/kselection-ampere02-108427.csv,Uniform,1,4096,262144,max_speedup,256,148816180479.98328,400432595054.93774,2.6907866722785463
data/kselection-ampere02-108427.csv,Uniform,1,4096,262144,min_speedup,2048,144208871961.20886,161160526727.7932,1.117549319511661
data/kselection-ampere02-108427.csv,Uniform,1,4096,262144,avg_speedup,0,0,0,1.9342801003370258
data/kselection-ampere02-108427.csv,Uniform,1,4096,262144,max_relative_throughput,64,519422607360.0,407753006923.6323,0.7850120521246932
data/kselection-ampere02-108427.csv,Uniform,1,4096,262144,min_relative_throughput,2048,519422607360.0,161160526727.7932,0.3102686029530026
data/kselection-ampere02-108427.csv,Uniform,1,4096,262144,avg_relative_throughput,0,519422607360.0,335821074444.17865,0.6465276437446795
data/kselection-ampere02-108427.csv,Uniform,1,4096,262144,global_max_speedup,256,148816180479.98328,400432595054.93774,2.6907866722785463
data/kselection-ampere02-108427.csv,Uniform,1,4096,262144,global_min_speedup,2048,144208871961.20886,161160526727.7932,1.117549319511661
data/kselection-ampere02-108427.csv,Uniform,1,0,0,global_avg_speedup,0,0,0,1.964310300551486
data/kselection-ampere02-108427.csv,Uniform,1,4096,262144,global_max_relative_throughput,64,519422607360.0,407753006923.6323,0.7850120521246932
data/kselection-ampere02-108427.csv,Uniform,1,4096,262144,global_min_relative_throughput,2048,519422607360.0,161160526727.7932,0.3102686029530026
data/kselection-ampere02-108427.csv,Uniform,1,0,0,global_avg_relative_throughput,0,519422607360.0,332517918380.14526,0.6401683593831038
data/kselection-hopper01-108424.csv,Uniform,1,64,16777216,max_speedup,128,164527994434.98114,352156199214.7127,2.1404029169873535
data/kselection-hopper01-108424.csv,Uniform,1,64,16777216,min_speedup,32,279946601294.6289,355063280281.26715,1.2683250256986758
data/kselection-hopper01-108424.csv,Uniform,1,64,16777216,avg_speedup,0,0,0,1.7831144606853504
data/kselection-hopper01-108424.csv,Uniform,1,64,16777216,max_relative_throughput,32,547339894784.0,355063280281.26715,0.648707108078405
data/kselection-hopper01-108424.csv,Uniform,1,64,16777216,min_relative_throughput,1024,547339894784.0,301930798255.7138,0.5516330914903738
data/kselection-hopper01-108424.csv,Uniform,1,64,16777216,avg_relative_throughput,0,547339894784.0,331324652310.09705,0.6053362005355917
data/kselection-hopper01-108424.csv,Uniform,1,256,4194304,max_speedup,128,166298547000.39276,453934627081.88477,2.7296367603308807
data/kselection-hopper01-108424.csv,Uniform,1,256,4194304,min_speedup,2048,164949467393.89285,315979891784.11884,1.9156163204187333
data/kselection-hopper01-108424.csv,Uniform,1,256,4194304,avg_speedup,0,0,0,2.406341236256356
data/kselection-hopper01-108424.csv,Uniform,1,256,4194304,max_relative_throughput,32,547339894784.0,458483544788.19476,0.8376578231505103
data/kselection-hopper01-108424.csv,Uniform,1,256,4194304,min_relative_throughput,2048,547339894784.0,315979891784.11884,0.577301042360188
data/kselection-hopper01-108424.csv,Uniform,1,256,4194304,avg_relative_throughput,0,547339894784.0,420293033899.16534,0.7678830611553139
data/kselection-hopper01-108424.csv,Uniform,1,1024,1048576,max_speedup,256,162514232911.92017,467430632548.27313,2.8762442782572295
data/kselection-hopper01-108424.csv,Uniform,1,1024,1048576,min_speedup,32,258948739455.67172,478133353175.7402,1.8464401648790019
data/kselection-hopper01-108424.csv,Uniform,1,1024,1048576,avg_speedup,0,0,0,2.2400528883224182
data/kselection-hopper01-108424.csv,Uniform,1,1024,1048576,max_relative_throughput,32,547339894784.0,478133353175.7402,0.8735583825192
data/kselection-hopper01-108424.csv,Uniform,1,1024,1048576,min_relative_throughput,2048,547339894784.0,359872439121.52045,0.6574935292512143
data/kselection-hopper01-108424.csv,Uniform,1,1024,1048576,avg_relative_throughput,0,547339894784.0,447333091014.1656,0.8172857401353857
data/kselection-hopper01-108424.csv,Uniform,1,4096,262144,max_speedup,512,160519905770.9958,427688360566.3191,2.6643945404283795
data/kselection-hopper01-108424.csv,Uniform,1,4096,262144,min_speedup,2048,154293339744.8961,205879527682.40298,1.3343383973851233
data/kselection-hopper01-108424.csv,Uniform,1,4096,262144,avg_speedup,0,0,0,1.9155129801517945
data/kselection-hopper01-108424.csv,Uniform,1,4096,262144,max_relative_throughput,32,547339894784.0,476897202121.0773,0.8712999119300048
data/kselection-hopper01-108424.csv,Uniform,1,4096,262144,min_relative_throughput,2048,547339894784.0,205879527682.40298,0.37614566313250464
data/kselection-hopper01-108424.csv,Uniform,1,4096,262144,avg_relative_throughput,0,547339894784.0,396406266115.09814,0.724241499464486
data/kselection-hopper01-108424.csv,Uniform,1,1024,1048576,global_max_speedup,256,162514232911.92017,467430632548.27313,2.8762442782572295
data/kselection-hopper01-108424.csv,Uniform,1,64,16777216,global_min_speedup,32,279946601294.6289,355063280281.26715,1.2683250256986758
data/kselection-hopper01-108424.csv,Uniform,1,0,0,global_avg_speedup,0,0,0,2.08625539135398
data/kselection-hopper01-108424.csv,Uniform,1,1024,1048576,global_max_relative_throughput,32,547339894784.0,478133353175.7402,0.8735583825192
data/kselection-hopper01-108424.csv,Uniform,1,4096,262144,global_min_relative_throughput,2048,547339894784.0,205879527682.40298,0.37614566313250464
data/kselection-hopper01-108424.csv,Uniform,1,0,0,global_avg_relative_throughput,0,547339894784.0,398839260834.63153,0.7286866253226943
data/kselection-hopper01-108424.csv,Uniform,1,64,16777216,max_speedup,128,164527994434.98114,352156199214.7127,2.1404029169873535
data/kselection-hopper01-108424.csv,Uniform,1,64,16777216,min_speedup,32,279946601294.6289,355063280281.26715,1.2683250256986758
data/kselection-hopper01-108424.csv,Uniform,1,64,16777216,avg_speedup,0,0,0,1.7831144606853504
data/kselection-hopper01-108424.csv,Uniform,1,64,16777216,max_relative_throughput,32,547339894784.0,355063280281.26715,0.648707108078405
data/kselection-hopper01-108424.csv,Uniform,1,64,16777216,min_relative_throughput,1024,547339894784.0,301930798255.7138,0.5516330914903738
data/kselection-hopper01-108424.csv,Uniform,1,64,16777216,avg_relative_throughput,0,547339894784.0,331324652310.09705,0.6053362005355917
data/kselection-hopper01-108424.csv,Uniform,1,256,4194304,max_speedup,128,166298547000.39276,453934627081.88477,2.7296367603308807
data/kselection-hopper01-108424.csv,Uniform,1,256,4194304,min_speedup,2048,164949467393.89285,315979891784.11884,1.9156163204187333
data/kselection-hopper01-108424.csv,Uniform,1,256,4194304,avg_speedup,0,0,0,2.406341236256356
data/kselection-hopper01-108424.csv,Uniform,1,256,4194304,max_relative_throughput,32,547339894784.0,458483544788.19476,0.8376578231505103
data/kselection-hopper01-108424.csv,Uniform,1,256,4194304,min_relative_throughput,2048,547339894784.0,315979891784.11884,0.577301042360188
data/kselection-hopper01-108424.csv,Uniform,1,256,4194304,avg_relative_throughput,0,547339894784.0,420293033899.16534,0.7678830611553139
data/kselection-hopper01-108424.csv,Uniform,1,1024,1048576,max_speedup,256,162514232911.92017,467430632548.27313,2.8762442782572295
data/kselection-hopper01-108424.csv,Uniform,1,1024,1048576,min_speedup,32,258948739455.67172,478133353175.7402,1.8464401648790019
data/kselection-hopper01-108424.csv,Uniform,1,1024,1048576,avg_speedup,0,0,0,2.2400528883224182
data/kselection-hopper01-108424.csv,Uniform,1,1024,1048576,max_relative_throughput,32,547339894784.0,478133353175.7402,0.8735583825192
data/kselection-hopper01-108424.csv,Uniform,1,1024,1048576,min_relative_throughput,2048,547339894784.0,359872439121.52045,0.6574935292512143
data/kselection-hopper01-108424.csv,Uniform,1,1024,1048576,avg_relative_throughput,0,547339894784.0,447333091014.1656,0.8172857401353857
data/kselection-hopper01-108424.csv,Uniform,1,4096,262144,max_speedup,256,163470744093.73993,460030065951.7834,2.814143096381734
data/kselection-hopper01-108424.csv,Uniform,1,4096,262144,min_speedup,2048,154293339744.8961,205879527682.40298,1.3343383973851233
data/kselection-hopper01-108424.csv,Uniform,1,4096,262144,avg_speedup,0,0,0,2.0396632086167337
data/kselection-hopper01-108424.csv,Uniform,1,4096,262144,max_relative_throughput,32,547339894784.0,476897202121.0773,0.8712999119300048
data/kselection-hopper01-108424.csv,Uniform,1,4096,262144,min_relative_throughput,2048,547339894784.0,205879527682.40298,0.37614566313250464
data/kselection-hopper01-108424.csv,Uniform,1,4096,262144,avg_relative_throughput,0,547339894784.0,396406266115.09814,0.724241499464486
data/kselection-hopper01-108424.csv,Uniform,1,1024,1048576,global_max_speedup,256,162514232911.92017,467430632548.27313,2.8762442782572295
data/kselection-hopper01-108424.csv,Uniform,1,64,16777216,global_min_speedup,32,279946601294.6289,355063280281.26715,1.2683250256986758
data/kselection-hopper01-108424.csv,Uniform,1,0,0,global_avg_speedup,0,0,0,2.1172929484702148
data/kselection-hopper01-108424.csv,Uniform,1,1024,1048576,global_max_relative_throughput,32,547339894784.0,478133353175.7402,0.8735583825192
data/kselection-hopper01-108424.csv,Uniform,1,4096,262144,global_min_relative_throughput,2048,547339894784.0,205879527682.40298,0.37614566313250464
data/kselection-hopper01-108424.csv,Uniform,1,0,0,global_avg_relative_throughput,0,547339894784.0,398839260834.63153,0.7286866253226943
data/kselection-ampere01-108426.csv,Uniform,1,64,16777216,max_speedup,2048,92226891269.49507,203686721499.39154,2.2085393825560167
data/kselection-ampere01-108426.csv,Uniform,1,64,16777216,min_speedup,32,209662313500.41293,206561021273.9369,0.9852081560357774
data/kselection-ampere01-108426.csv,Uniform,1,64,16777216,avg_speedup,0,0,0,1.289942795846086
data/kselection-ampere01-108426.csv,Uniform,1,64,16777216,max_relative_throughput,32,231928233984.0,206561021273.9369,0.8906247321668774
data/kselection-ampere01-108426.csv,Uniform,1,64,16777216,min_relative_throughput,2048,231928233984.0,203686721499.39154,0.8782316753787003
data/kselection-ampere01-108426.csv,Uniform,1,64,16777216,avg_relative_throughput,0,231928233984.0,205804052299.6051,0.8873609252498463
data/kselection-ampere01-108426.csv,Uniform,1,256,4194304,max_speedup,2048,91629242026.72745,205313137951.49756,2.2406944923937
data/kselection-ampere01-108426.csv,Uniform,1,256,4194304,min_speedup,32,207205796163.86832,207099480971.47766,0.9994869101426749
data/kselection-ampere01-108426.csv,Uniform,1,256,4194304,avg_speedup,0,0,0,1.3242261818630356
data/kselection-ampere01-108426.csv,Uniform,1,256,4194304,max_relative_throughput,64,231928233984.0,207388848002.04456,0.894194054943529
data/kselection-ampere01-108426.csv,Uniform,1,256,4194304,min_relative_throughput,2048,231928233984.0,205313137951.49756,0.8852442603674612
data/kselection-ampere01-108426.csv,Uniform,1,256,4194304,avg_relative_throughput,0,231928233984.0,206777841441.92264,0.8915595910422341
data/kselection-ampere01-108426.csv,Uniform,1,1024,1048576,max_speedup,2048,90147386453.09752,200030776378.12195,2.218930401073749
data/kselection-ampere01-108426.csv,Uniform,1,1024,1048576,min_speedup,32,205867606804.16077,207083448447.5354,1.0059059395611047
data/kselection-ampere01-108426.csv,Uniform,1,1024,1048576,avg_speedup,0,0,0,1.3255008316303125
data/kselection-ampere01-108426.csv,Uniform,1,1024,1048576,max_relative_throughput,256,231928233984.0,207434790746.97977,0.8943921452930567
data/kselection-ampere01-108426.csv,Uniform,1,1024,1048576,min_relative_throughput,2048,231928233984.0,200030776378.12195,0.8624684150870628
data/kselection-ampere01-108426.csv,Uniform,1,1024,1048576,avg_relative_throughput,0,231928233984.0,205891461363.95508,0.8877378050408424
data/kselection-ampere01-108426.csv,Uniform,1,4096,262144,max_speedup,2048,92361367628.21541,190496404677.87155,2.062511735909776
data/kselection-ampere01-108426.csv,Uniform,1,4096,262144,min_speedup,32,210488156086.7767,207234181851.26584,0.9845408202722372
data/kselection-ampere01-108426.csv,Uniform,1,4096,262144,avg_speedup,0,0,0,1.2221332078384786
data/kselection-ampere01-108426.csv,Uniform,1,4096,262144,max_relative_throughput,32,231928233984.0,207234181851.26584,0.8935271842132091
data/kselection-ampere01-108426.csv,Uniform,1,4096,262144,min_relative_throughput,2048,231928233984.0,190496404677.87155,0.8213592687943861
data/kselection-ampere01-108426.csv,Uniform,1,4096,262144,avg_relative_throughput,0,231928233984.0,203597725319.8827,0.87784795245726
data/kselection-ampere01-108426.csv,Uniform,1,256,4194304,global_max_speedup,2048,91629242026.72745,205313137951.49756,2.2406944923937
data/kselection-ampere01-108426.csv,Uniform,1,4096,262144,global_min_speedup,32,210488156086.7767,207234181851.26584,0.9845408202722372
data/kselection-ampere01-108426.csv,Uniform,1,0,0,global_avg_speedup,0,0,0,1.290450754294478
data/kselection-ampere01-108426.csv,Uniform,1,1024,1048576,global_max_relative_throughput,256,231928233984.0,207434790746.97977,0.8943921452930567
data/kselection-ampere01-108426.csv,Uniform,1,4096,262144,global_min_relative_throughput,2048,231928233984.0,190496404677.87155,0.8213592687943861
data/kselection-ampere01-108426.csv,Uniform,1,0,0,global_avg_relative_throughput,0,231928233984.0,205517770106.34137,0.8861265684475457
data/kselection-ampere01-108426.csv,Uniform,1,64,16777216,max_speedup,2048,92226891269.49507,203686721499.39154,2.2085393825560167
data/kselection-ampere01-108426.csv,Uniform,1,64,16777216,min_speedup,32,206184266251.19318,206561021273.9369,1.0018272733879932
data/kselection-ampere01-108426.csv,Uniform,1,64,16777216,avg_speedup,0,0,0,1.2967776969119154
data/kselection-ampere01-108426.csv,Uniform,1,64,16777216,max_relative_throughput,32,231928233984.0,206561021273.9369,0.8906247321668774
data/kselection-ampere01-108426.csv,Uniform,1,64,16777216,min_relative_throughput,2048,231928233984.0,203686721499.39154,0.8782316753787003
data/kselection-ampere01-108426.csv,Uniform,1,64,16777216,avg_relative_throughput,0,231928233984.0,205804052299.6051,0.8873609252498463
data/kselection-ampere01-108426.csv,Uniform,1,256,4194304,max_speedup,2048,91629242026.72745,205313137951.49756,2.2406944923937
data/kselection-ampere01-108426.csv,Uniform,1,256,4194304,min_speedup,32,206378669599.25537,207099480971.47766,1.0034926641092412
data/kselection-ampere01-108426.csv,Uniform,1,256,4194304,avg_speedup,0,0,0,1.3262238594074554
data/kselection-ampere01-108426.csv,Uniform,1,256,4194304,max_relative_throughput,64,231928233984.0,207388848002.04456,0.894194054943529
data/kselection-ampere01-108426.csv,Uniform,1,256,4194304,min_relative_throughput,2048,231928233984.0,205313137951.49756,0.8852442603674612
data/kselection-ampere01-108426.csv,Uniform,1,256,4194304,avg_relative_throughput,0,231928233984.0,206777841441.92264,0.8915595910422341
data/kselection-ampere01-108426.csv,Uniform,1,1024,1048576,max_speedup,2048,90147386453.09752,200030776378.12195,2.218930401073749
data/kselection-ampere01-108426.csv,Uniform,1,1024,1048576,min_speedup,32,205867606804.16077,207083448447.5354,1.0059059395611047
data/kselection-ampere01-108426.csv,Uniform,1,1024,1048576,avg_speedup,0,0,0,1.3255008316303125
data/kselection-ampere01-108426.csv,Uniform,1,1024,1048576,max_relative_throughput,256,231928233984.0,207434790746.97977,0.8943921452930567
data/kselection-ampere01-108426.csv,Uniform,1,1024,1048576,min_relative_throughput,2048,231928233984.0,200030776378.12195,0.8624684150870628
data/kselection-ampere01-108426.csv,Uniform,1,1024,1048576,avg_relative_throughput,0,231928233984.0,205891461363.95508,0.8877378050408424
data/kselection-ampere01-108426.csv,Uniform,1,4096,262144,max_speedup,2048,92361367628.21541,190496404677.87155,2.062511735909776
data/kselection-ampere01-108426.csv,Uniform,1,4096,262144,min_speedup,64,206040076831.8983,207022129180.82565,1.0047663171361005
data/kselection-ampere01-108426.csv,Uniform,1,4096,262144,avg_speedup,0,0,0,1.3197678761085996
data/kselection-ampere01-108426.csv,Uniform,1,4096,262144,max_relative_throughput,32,231928233984.0,207234181851.26584,0.8935271842132091
data/kselection-ampere01-108426.csv,Uniform,1,4096,262144,min_relative_throughput,2048,231928233984.0,190496404677.87155,0.8213592687943861
data/kselection-ampere01-108426.csv,Uniform,1,4096,262144,avg_relative_throughput,0,231928233984.0,203597725319.8827,0.87784795245726
data/kselection-ampere01-108426.csv,Uniform,1,256,4194304,global_max_speedup,2048,91629242026.72745,205313137951.49756,2.2406944923937
data/kselection-ampere01-108426.csv,Uniform,1,64,16777216,global_min_speedup,32,206184266251.19318,206561021273.9369,1.0018272733879932
data/kselection-ampere01-108426.csv,Uniform,1,0,0,global_avg_speedup,0,0,0,1.3170675660145705
data/kselection-ampere01-108426.csv,Uniform,1,1024,1048576,global_max_relative_throughput,256,231928233984.0,207434790746.97977,0.8943921452930567
data/kselection-ampere01-108426.csv,Uniform,1,4096,262144,global_min_relative_throughput,2048,231928233984.0,190496404677.87155,0.8213592687943861
data/kselection-ampere01-108426.csv,Uniform,1,0,0,global_avg_relative_throughput,0,231928233984.0,205517770106.34137,0.8861265684475457
