hostname,GPU,algorithm,point_count,query_count,k,dim,block_size,items_per_thread,items_per_thread2,items_per_thread3,deg,time,slowdown,category
ampere01,L40,baseline-dist,131072,8192,1,4,128,1,1,1,1,0.008874061999999999,1.0,other
ampere01,L40,baseline-dist,262144,4096,1,4,128,1,1,1,1,0.009773101000000001,1.0528953855227705,other
ampere01,L40,baseline-dist,524288,2048,1,4,128,1,1,1,1,0.0096946339,1.026432878177774,other
ampere01,L40,baseline-dist,1048576,1024,1,4,128,1,1,1,1,0.0076141922,1.0,other
ampere01,L40,baseline-dist,131072,8192,1,8,512,1,1,1,1,0.0138685471,1.0,other
ampere01,L40,baseline-dist,262144,4096,1,8,512,1,1,1,1,0.014322790499999998,1.0,other
ampere01,L40,baseline-dist,524288,2048,1,8,512,1,1,1,1,0.0143033795,1.0,other
ampere01,L40,baseline-dist,1048576,1024,1,8,512,1,1,1,1,0.013232977600000001,1.0053948226645173,other
ampere01,L40,baseline-dist,131072,8192,1,16,512,1,1,1,1,0.024226405700000002,1.0,other
ampere01,L40,baseline-dist,262144,4096,1,16,512,1,1,1,1,0.0245224961,1.0,other
ampere01,L40,baseline-dist,524288,2048,1,16,512,1,1,1,1,0.0242874296,1.0,other
ampere01,L40,baseline-dist,1048576,1024,1,16,512,1,1,1,1,0.0226415623,1.0,other
ampere01,L40,baseline-dist,131072,8192,1,32,512,1,1,1,1,0.0440261295,1.0,other
ampere01,L40,baseline-dist,262144,4096,1,32,512,1,1,1,1,0.044207593899999995,1.0,other
ampere01,L40,baseline-dist,524288,2048,1,32,512,1,1,1,1,0.0456436474,1.0031657085298595,other
ampere01,L40,baseline-dist,1048576,1024,1,32,512,1,1,1,1,0.1717014485,1.0000974938302354,other
ampere01,L40,baseline-dist,131072,8192,1,64,512,1,1,1,1,0.0860693816,1.0055364414118317,other
ampere01,L40,baseline-dist,262144,4096,1,64,512,1,1,1,1,0.0878828901,1.0,other
ampere01,L40,baseline-dist,524288,2048,1,64,512,1,1,1,1,0.3363687809,1.0002185617951207,other
ampere01,L40,baseline-dist,1048576,1024,1,64,512,1,1,1,1,0.33736843689999996,1.0,other
ampere01,L40,baseline-dist,131072,8192,1,128,256,1,1,1,1,0.1682962552,1.0,other
ampere01,L40,baseline-dist,262144,4096,1,128,256,1,1,1,1,0.6615194922,1.0000252977025494,other
ampere01,L40,baseline-dist,524288,2048,1,128,256,1,1,1,1,0.6665223068999999,1.0002890366378456,other
ampere01,L40,baseline-dist,1048576,1024,1,128,256,1,1,1,1,0.6659315387,1.0002987788046867,other
ampere01,L40,baseline-dist,131072,8192,1,256,256,1,1,1,1,0.6266821697999999,1.0019779711825445,other
ampere01,L40,baseline-dist,262144,4096,1,256,256,1,1,1,1,1.3211712239,1.0002972846523457,other
ampere01,L40,baseline-dist,524288,2048,1,256,256,1,1,1,1,1.3214200184,1.0002970243678648,other
ampere01,L40,baseline-dist,1048576,1024,1,256,256,1,1,1,1,1.3209598293,1.0002346069746204,other
ampere01,L40,cublas-dist,131072,8192,1,4,512,1,1,1,1,0.0225810196,1.004945049878449,other
ampere01,L40,cublas-dist,262144,4096,1,4,512,1,1,1,1,0.0222137478,1.0,other
ampere01,L40,cublas-dist,524288,2048,1,4,512,1,1,1,1,0.022737563,1.0011324444205938,other
ampere01,L40,cublas-dist,1048576,1024,1,4,512,1,1,1,1,0.0227137441,1.0056073713152396,other
ampere01,L40,cublas-dist,131072,8192,1,8,256,1,1,1,1,0.022537638800000002,1.0105572869302575,other
ampere01,L40,cublas-dist,262144,4096,1,8,256,1,1,1,1,0.022594481899999998,1.0113742802594343,other
ampere01,L40,cublas-dist,524288,2048,1,8,256,1,1,1,1,0.022821503700000002,1.0087718960133796,other
ampere01,L40,cublas-dist,1048576,1024,1,8,256,1,1,1,1,0.0228458575,1.0034958250913526,other
ampere01,L40,cublas-dist,131072,8192,1,16,64,1,1,1,1,0.0225913441,1.0,other
ampere01,L40,cublas-dist,262144,4096,1,16,64,1,1,1,1,0.0227155729,1.0000377816763864,other
ampere01,L40,cublas-dist,524288,2048,1,16,64,1,1,1,1,0.0228462782,1.0058306339991683,other
ampere01,L40,cublas-dist,1048576,1024,1,16,64,1,1,1,1,0.0227751812,1.0,other
ampere01,L40,cublas-dist,131072,8192,1,32,256,1,1,1,1,0.0227850494,1.0,other
ampere01,L40,cublas-dist,262144,4096,1,32,256,1,1,1,1,0.0228936224,1.0044382521052344,other
ampere01,L40,cublas-dist,524288,2048,1,32,256,1,1,1,1,0.0226930154,1.0,other
ampere01,L40,cublas-dist,1048576,1024,1,32,256,1,1,1,1,0.0229799681,1.0028788117030447,other
ampere01,L40,cublas-dist,131072,8192,1,64,512,1,1,1,1,0.0228189747,1.0,other
ampere01,L40,cublas-dist,262144,4096,1,64,512,1,1,1,1,0.0230066867,1.0027325236523688,other
ampere01,L40,cublas-dist,524288,2048,1,64,512,1,1,1,1,0.0231530028,1.0,other
ampere01,L40,cublas-dist,1048576,1024,1,64,512,1,1,1,1,0.0235797964,1.0027004725868487,other
ampere01,L40,cublas-dist,131072,8192,1,128,512,1,1,1,1,0.0231279299,1.0,other
ampere01,L40,cublas-dist,262144,4096,1,128,512,1,1,1,1,0.023374287900000002,1.0037549006041742,other
ampere01,L40,cublas-dist,524288,2048,1,128,512,1,1,1,1,0.0236281343,1.0,other
ampere01,L40,cublas-dist,1048576,1024,1,128,512,1,1,1,1,0.0243987786,1.0,other
ampere01,L40,cublas-dist,131072,8192,1,256,64,1,1,1,1,0.0307585723,1.0,other
ampere01,L40,cublas-dist,262144,4096,1,256,64,1,1,1,1,0.0334771676,1.0,other
ampere01,L40,cublas-dist,524288,2048,1,256,64,1,1,1,1,0.0339931981,1.0,other
ampere01,L40,cublas-dist,1048576,1024,1,256,64,1,1,1,1,0.0333278135,1.0,other
ampere01,L40,tiled-dist,131072,8192,1,4,8,1,1,1,1,0.0093792892,1.0,other
ampere01,L40,tiled-dist,262144,4096,1,4,8,1,1,1,1,0.009491106000000001,1.0,other
ampere01,L40,tiled-dist,524288,2048,1,4,8,1,1,1,1,0.009488932799999999,1.0,other
ampere01,L40,tiled-dist,1048576,1024,1,4,8,1,1,1,1,0.0092872047,1.0,other
ampere01,L40,tiled-dist,131072,8192,1,8,8,1,1,1,1,0.0094887362,1.0,other
ampere01,L40,tiled-dist,262144,4096,1,8,8,1,1,1,1,0.0095020606,1.0,other
ampere01,L40,tiled-dist,524288,2048,1,8,8,1,1,1,1,0.0095680739,1.0,other
ampere01,L40,tiled-dist,1048576,1024,1,8,8,1,1,1,1,0.0094881636,1.0,other
ampere01,L40,tiled-dist,131072,8192,1,16,16,1,1,1,1,0.0117224406,1.0,other
ampere01,L40,tiled-dist,262144,4096,1,16,16,1,1,1,1,0.0120876843,1.0,other
ampere01,L40,tiled-dist,524288,2048,1,16,16,1,1,1,1,0.0121892152,1.0,other
ampere01,L40,tiled-dist,1048576,1024,1,16,16,1,1,1,1,0.0124052763,1.0,other
ampere01,L40,tiled-dist,131072,8192,1,32,32,1,1,1,1,0.018713577000000002,1.0006649326549149,other
ampere01,L40,tiled-dist,262144,4096,1,32,32,1,1,1,1,0.018839149500000003,1.0,other
ampere01,L40,tiled-dist,524288,2048,1,32,32,1,1,1,1,0.0210213275,1.0,other
ampere01,L40,tiled-dist,1048576,1024,1,32,32,1,1,1,1,0.0205543747,1.0,other
ampere01,L40,tiled-dist,131072,8192,1,64,32,1,1,1,1,0.0336484447,1.003041789552666,other
ampere01,L40,tiled-dist,262144,4096,1,64,32,1,1,1,1,0.0362526944,1.0447012659861383,other
ampere01,L40,tiled-dist,524288,2048,1,64,32,1,1,1,1,0.0379595591,1.0,other
ampere01,L40,tiled-dist,1048576,1024,1,64,32,1,1,1,1,0.037122310199999994,1.0,other
ampere01,L40,tiled-dist,131072,8192,1,128,32,1,1,1,1,0.064418264,1.0,other
ampere01,L40,tiled-dist,262144,4096,1,128,32,1,1,1,1,0.07283447369999999,1.0,other
ampere01,L40,tiled-dist,524288,2048,1,128,32,1,1,1,1,0.07289946039999999,1.0,other
ampere01,L40,tiled-dist,1048576,1024,1,128,32,1,1,1,1,0.0716874655,1.0,other
ampere01,L40,tiled-dist,131072,8192,1,256,32,1,1,1,1,0.14308121869999998,1.0,other
ampere01,L40,tiled-dist,262144,4096,1,256,32,1,1,1,1,0.144636455,1.0,other
ampere01,L40,tiled-dist,524288,2048,1,256,32,1,1,1,1,0.143263205,1.0,other
ampere01,L40,tiled-dist,1048576,1024,1,256,32,1,1,1,1,0.1413823158,1.0,other
ampere02,A100,baseline-dist,131072,8192,1,4,256,1,1,1,1,0.0076031219999999995,1.0032439503895842,other
ampere02,A100,baseline-dist,262144,4096,1,4,256,1,1,1,1,0.0077012809,1.0,other
ampere02,A100,baseline-dist,524288,2048,1,4,256,1,1,1,1,0.007805604799999999,1.0,other
ampere02,A100,baseline-dist,1048576,1024,1,4,256,1,1,1,1,0.0080718723,1.0020776059063627,other
ampere02,A100,baseline-dist,131072,8192,1,8,256,1,1,1,1,0.0106344616,1.0,other
ampere02,A100,baseline-dist,262144,4096,1,8,256,1,1,1,1,0.0108110795,1.005876467424668,other
ampere02,A100,baseline-dist,524288,2048,1,8,256,1,1,1,1,0.0112186996,1.0,other
ampere02,A100,baseline-dist,1048576,1024,1,8,256,1,1,1,1,0.023547728400000002,1.0,other
ampere02,A100,baseline-dist,131072,8192,1,16,256,1,1,1,1,0.016895804,1.0106628802737971,other
ampere02,A100,baseline-dist,262144,4096,1,16,256,1,1,1,1,0.0175016587,1.0062892175192102,other
ampere02,A100,baseline-dist,524288,2048,1,16,256,1,1,1,1,0.0420719438,1.0,other
ampere02,A100,baseline-dist,1048576,1024,1,16,256,1,1,1,1,0.0458681644,1.0,other
ampere02,A100,baseline-dist,131072,8192,1,32,512,1,1,1,1,0.0312177963,1.0353312939979495,other
ampere02,A100,baseline-dist,262144,4096,1,32,512,1,1,1,1,0.07536627269999999,1.0182250546812341,other
ampere02,A100,baseline-dist,524288,2048,1,32,512,1,1,1,1,0.09094571030000001,1.0144900282231946,other
ampere02,A100,baseline-dist,1048576,1024,1,32,512,1,1,1,1,0.09041687890000001,1.0132602239538615,other
ampere02,A100,baseline-dist,131072,8192,1,64,256,1,1,1,1,0.1277080189,1.0,other
ampere02,A100,baseline-dist,262144,4096,1,64,256,1,1,1,1,0.1744995924,1.0,other
ampere02,A100,baseline-dist,524288,2048,1,64,256,1,1,1,1,0.1769516077,1.0,other
ampere02,A100,baseline-dist,1048576,1024,1,64,256,1,1,1,1,0.17446763910000002,1.0,other
ampere02,A100,baseline-dist,131072,8192,1,128,256,1,1,1,1,0.3446827766,1.0,other
ampere02,A100,baseline-dist,262144,4096,1,128,256,1,1,1,1,0.34446077119999996,1.0,other
ampere02,A100,baseline-dist,524288,2048,1,128,256,1,1,1,1,0.3451149192,1.0,other
ampere02,A100,baseline-dist,1048576,1024,1,128,256,1,1,1,1,0.34467658430000003,1.0,other
ampere02,A100,baseline-dist,131072,8192,1,256,128,1,1,1,1,0.6811270149,1.0,other
ampere02,A100,baseline-dist,262144,4096,1,256,128,1,1,1,1,0.6791363358,1.0,other
ampere02,A100,baseline-dist,524288,2048,1,256,128,1,1,1,1,0.6805461987,1.0,other
ampere02,A100,baseline-dist,1048576,1024,1,256,128,1,1,1,1,0.6798282016,1.0,other
ampere02,A100,cublas-dist,131072,8192,1,4,512,1,1,1,1,0.011776878000000001,1.0000216955243322,other
ampere02,A100,cublas-dist,262144,4096,1,4,512,1,1,1,1,0.0117678071,1.0003588531683838,other
ampere02,A100,cublas-dist,524288,2048,1,4,512,1,1,1,1,0.0118999678,1.0,other
ampere02,A100,cublas-dist,1048576,1024,1,4,512,1,1,1,1,0.0119047579,1.0000724552737585,other
ampere02,A100,cublas-dist,131072,8192,1,8,128,1,1,1,1,0.011787239599999999,1.0002915357334263,other
ampere02,A100,cublas-dist,262144,4096,1,8,128,1,1,1,1,0.0117702456,1.0,other
ampere02,A100,cublas-dist,524288,2048,1,8,128,1,1,1,1,0.0119086163,1.0,other
ampere02,A100,cublas-dist,1048576,1024,1,8,128,1,1,1,1,0.0119328324,1.0002217400280482,other
ampere02,A100,cublas-dist,131072,8192,1,16,256,1,1,1,1,0.0118797366,1.0002020991878633,other
ampere02,A100,cublas-dist,262144,4096,1,16,256,1,1,1,1,0.0118841706,1.0,other
ampere02,A100,cublas-dist,524288,2048,1,16,256,1,1,1,1,0.0120404103,1.000510791549658,other
ampere02,A100,cublas-dist,1048576,1024,1,16,256,1,1,1,1,0.012057329799999999,1.0,other
ampere02,A100,cublas-dist,131072,8192,1,32,64,1,1,1,1,0.0121999983,1.000341542888801,other
ampere02,A100,cublas-dist,262144,4096,1,32,64,1,1,1,1,0.0122024991,1.0005886520258103,other
ampere02,A100,cublas-dist,524288,2048,1,32,64,1,1,1,1,0.012366405899999999,1.0004029308886075,other
ampere02,A100,cublas-dist,1048576,1024,1,32,64,1,1,1,1,0.0124456187,1.000007006530818,other
ampere02,A100,cublas-dist,131072,8192,1,64,128,1,1,1,1,0.014546705400000002,1.0,other
ampere02,A100,cublas-dist,262144,4096,1,64,128,1,1,1,1,0.014677326,1.0,other
ampere02,A100,cublas-dist,524288,2048,1,64,128,1,1,1,1,0.0149416528,1.0011101512281637,other
ampere02,A100,cublas-dist,1048576,1024,1,64,128,1,1,1,1,0.014955578399999999,1.0,other
ampere02,A100,cublas-dist,131072,8192,1,128,512,1,1,1,1,0.0219680431,1.0,other
ampere02,A100,cublas-dist,262144,4096,1,128,512,1,1,1,1,0.0221104642,1.0,other
ampere02,A100,cublas-dist,524288,2048,1,128,512,1,1,1,1,0.022317716600000002,1.0,other
ampere02,A100,cublas-dist,1048576,1024,1,128,512,1,1,1,1,0.022503585700000002,1.0016773954074356,other
ampere02,A100,cublas-dist,131072,8192,1,256,64,1,1,1,1,0.0371535768,1.0,other
ampere02,A100,cublas-dist,262144,4096,1,256,64,1,1,1,1,0.037369807,1.0017185794655443,other
ampere02,A100,cublas-dist,524288,2048,1,256,64,1,1,1,1,0.0374342896,1.0010990074766064,other
ampere02,A100,cublas-dist,1048576,1024,1,256,64,1,1,1,1,0.0377046293,1.0,other
ampere02,A100,tiled-dist,131072,8192,1,4,16,1,1,1,1,0.0107808338,1.0,other
ampere02,A100,tiled-dist,262144,4096,1,4,16,1,1,1,1,0.011016667800000001,1.0,other
ampere02,A100,tiled-dist,524288,2048,1,4,16,1,1,1,1,0.011638425800000001,1.0,other
ampere02,A100,tiled-dist,1048576,1024,1,4,16,1,1,1,1,0.0114876823,1.0,other
ampere02,A100,tiled-dist,131072,8192,1,8,16,1,1,1,1,0.0110751919,1.0,other
ampere02,A100,tiled-dist,262144,4096,1,8,16,1,1,1,1,0.011746559,1.0,other
ampere02,A100,tiled-dist,524288,2048,1,8,16,1,1,1,1,0.0121714124,1.0,other
ampere02,A100,tiled-dist,1048576,1024,1,8,16,1,1,1,1,0.012006033199999998,1.0,other
ampere02,A100,tiled-dist,131072,8192,1,16,16,1,1,1,1,0.0114785685,1.0,other
ampere02,A100,tiled-dist,262144,4096,1,16,16,1,1,1,1,0.0124293802,1.0,other
ampere02,A100,tiled-dist,524288,2048,1,16,16,1,1,1,1,0.012533364,1.0,other
ampere02,A100,tiled-dist,1048576,1024,1,16,16,1,1,1,1,0.0124833237,1.0,other
ampere02,A100,tiled-dist,131072,8192,1,32,32,1,1,1,1,0.0209668347,1.0,other
ampere02,A100,tiled-dist,262144,4096,1,32,32,1,1,1,1,0.0211483213,1.0,other
ampere02,A100,tiled-dist,524288,2048,1,32,32,1,1,1,1,0.0212118056,1.0,other
ampere02,A100,tiled-dist,1048576,1024,1,32,32,1,1,1,1,0.0210081949,1.0,other
ampere02,A100,tiled-dist,131072,8192,1,64,32,1,1,1,1,0.0392508372,1.0,other
ampere02,A100,tiled-dist,262144,4096,1,64,32,1,1,1,1,0.0392396521,1.0,other
ampere02,A100,tiled-dist,524288,2048,1,64,32,1,1,1,1,0.0394707282,1.0,other
ampere02,A100,tiled-dist,1048576,1024,1,64,32,1,1,1,1,0.039252738999999995,1.0,other
ampere02,A100,tiled-dist,131072,8192,1,128,32,1,1,1,1,0.0762485676,1.0,other
ampere02,A100,tiled-dist,262144,4096,1,128,32,1,1,1,1,0.0766219124,1.0,other
ampere02,A100,tiled-dist,524288,2048,1,128,32,1,1,1,1,0.0764763169,1.0,other
ampere02,A100,tiled-dist,1048576,1024,1,128,32,1,1,1,1,0.07657073719999999,1.0,other
ampere02,A100,tiled-dist,131072,8192,1,256,32,1,1,1,1,0.147171502,1.0,other
ampere02,A100,tiled-dist,262144,4096,1,256,32,1,1,1,1,0.1471626664,1.0,other
ampere02,A100,tiled-dist,524288,2048,1,256,32,1,1,1,1,0.14716044909999998,1.0,other
ampere02,A100,tiled-dist,1048576,1024,1,256,32,1,1,1,1,0.1473718143,1.0,other
hopper01,H100,baseline-dist,131072,8192,1,4,128,1,1,1,1,0.0057350088,1.0066321069126962,other
hopper01,H100,baseline-dist,262144,4096,1,4,128,1,1,1,1,0.0059019609,1.0,other
hopper01,H100,baseline-dist,524288,2048,1,4,128,1,1,1,1,0.0060132853,1.0065093106230436,other
hopper01,H100,baseline-dist,1048576,1024,1,4,128,1,1,1,1,0.0061163214,1.0129364195864317,other
hopper01,H100,baseline-dist,131072,8192,1,8,128,1,1,1,1,0.0081231238,1.0,other
hopper01,H100,baseline-dist,262144,4096,1,8,128,1,1,1,1,0.008377258299999999,1.0,other
hopper01,H100,baseline-dist,524288,2048,1,8,128,1,1,1,1,0.0084552781,1.0,other
hopper01,H100,baseline-dist,1048576,1024,1,8,128,1,1,1,1,0.0129117504,1.0029634990586744,other
hopper01,H100,baseline-dist,131072,8192,1,16,128,1,1,1,1,0.0131894312,1.002443011089261,other
hopper01,H100,baseline-dist,262144,4096,1,16,128,1,1,1,1,0.013174592700000001,1.0,other
hopper01,H100,baseline-dist,524288,2048,1,16,128,1,1,1,1,0.016410901,1.0,other
hopper01,H100,baseline-dist,1048576,1024,1,16,128,1,1,1,1,0.0397180473,1.0016350200722068,other
hopper01,H100,baseline-dist,131072,8192,1,32,128,1,1,1,1,0.0228387204,1.0,other
hopper01,H100,baseline-dist,262144,4096,1,32,128,1,1,1,1,0.0271594603,1.0047339149252765,other
hopper01,H100,baseline-dist,524288,2048,1,32,128,1,1,1,1,0.0764217337,1.003534414774757,other
hopper01,H100,baseline-dist,1048576,1024,1,32,128,1,1,1,1,0.0764051808,1.0032401105868018,other
hopper01,H100,baseline-dist,131072,8192,1,64,64,1,1,1,1,0.055003751499999996,1.0,other
hopper01,H100,baseline-dist,262144,4096,1,64,64,1,1,1,1,0.1493325635,1.005235629376294,other
hopper01,H100,baseline-dist,524288,2048,1,64,64,1,1,1,1,0.1489497095,1.005415574397009,other
hopper01,H100,baseline-dist,1048576,1024,1,64,64,1,1,1,1,0.1492709935,1.005589194884988,other
hopper01,H100,baseline-dist,131072,8192,1,128,512,1,1,1,1,0.1672036529,1.0000417986807886,other
hopper01,H100,baseline-dist,262144,4096,1,128,512,1,1,1,1,0.29126662589999996,1.0,other
hopper01,H100,baseline-dist,524288,2048,1,128,512,1,1,1,1,0.2911475764,1.0,other
hopper01,H100,baseline-dist,1048576,1024,1,128,512,1,1,1,1,0.2911040424,1.0000484022201892,other
hopper01,H100,baseline-dist,131072,8192,1,256,64,1,1,1,1,0.3395467462,1.0,other
hopper01,H100,baseline-dist,262144,4096,1,256,64,1,1,1,1,0.5754717038,1.0021170744095709,other
hopper01,H100,baseline-dist,524288,2048,1,256,64,1,1,1,1,0.5751271628000001,1.002412087837541,other
hopper01,H100,baseline-dist,1048576,1024,1,256,64,1,1,1,1,0.5755480900000001,1.0027231722406984,other
hopper01,H100,cublas-dist,131072,8192,1,4,512,1,1,1,1,0.0100619708,1.0001830891053494,other
hopper01,H100,cublas-dist,262144,4096,1,4,512,1,1,1,1,0.0101205015,1.0,other
hopper01,H100,cublas-dist,524288,2048,1,4,512,1,1,1,1,0.0102948,1.0001292081290372,other
hopper01,H100,cublas-dist,1048576,1024,1,4,512,1,1,1,1,0.01039054,1.0001810532025255,other
hopper01,H100,cublas-dist,131072,8192,1,8,512,1,1,1,1,0.0101022653,1.0004169713994517,other
hopper01,H100,cublas-dist,262144,4096,1,8,512,1,1,1,1,0.0101620739,1.0000639674130711,other
hopper01,H100,cublas-dist,524288,2048,1,8,512,1,1,1,1,0.0103170087,1.0004673401363244,other
hopper01,H100,cublas-dist,1048576,1024,1,8,512,1,1,1,1,0.0104268644,1.0001078004962813,other
hopper01,H100,cublas-dist,131072,8192,1,16,256,1,1,1,1,0.0102692123,1.000141033624438,other
hopper01,H100,cublas-dist,262144,4096,1,16,256,1,1,1,1,0.0103331434,1.0,other
hopper01,H100,cublas-dist,524288,2048,1,16,256,1,1,1,1,0.0104267413,1.0002906738189241,other
hopper01,H100,cublas-dist,1048576,1024,1,16,256,1,1,1,1,0.0105434048,1.0002667022472054,other
hopper01,H100,cublas-dist,131072,8192,1,32,256,1,1,1,1,0.0107728765,1.0003559833529867,other
hopper01,H100,cublas-dist,262144,4096,1,32,256,1,1,1,1,0.011008315000000001,1.0,other
hopper01,H100,cublas-dist,524288,2048,1,32,256,1,1,1,1,0.0112895822,1.000124377908917,other
hopper01,H100,cublas-dist,1048576,1024,1,32,256,1,1,1,1,0.0113130289,1.0000798346850068,other
hopper01,H100,cublas-dist,131072,8192,1,64,64,1,1,1,1,0.0118659444,1.0,other
hopper01,H100,cublas-dist,262144,4096,1,64,64,1,1,1,1,0.0122495827,1.0,other
hopper01,H100,cublas-dist,524288,2048,1,64,64,1,1,1,1,0.012979026699999998,1.0006166897678945,other
hopper01,H100,cublas-dist,1048576,1024,1,64,64,1,1,1,1,0.0131552071,1.0,other
hopper01,H100,cublas-dist,131072,8192,1,128,128,1,1,1,1,0.015882132299999997,1.0,other
hopper01,H100,cublas-dist,262144,4096,1,128,128,1,1,1,1,0.0161814186,1.0019945311870857,other
hopper01,H100,cublas-dist,524288,2048,1,128,128,1,1,1,1,0.0162082625,1.0,other
hopper01,H100,cublas-dist,1048576,1024,1,128,128,1,1,1,1,0.016429317399999997,1.0066277149480711,other
hopper01,H100,cublas-dist,131072,8192,1,256,64,1,1,1,1,0.0226571579,1.0,other
hopper01,H100,cublas-dist,262144,4096,1,256,64,1,1,1,1,0.0253169166,1.0,other
hopper01,H100,cublas-dist,524288,2048,1,256,64,1,1,1,1,0.0256585995,1.0,other
hopper01,H100,cublas-dist,1048576,1024,1,256,64,1,1,1,1,0.025818788199999998,1.0,other
hopper01,H100,magma-dist,131072,8192,1,4,256,1,1,1,1,0.0028026666000000003,1.0,other
hopper01,H100,magma-dist,262144,4096,1,4,256,1,1,1,1,0.0028032019,1.0,other
hopper01,H100,magma-dist,524288,2048,1,4,256,1,1,1,1,0.0028704311,1.0,other
hopper01,H100,magma-dist,1048576,1024,1,4,256,1,1,1,1,0.0028865731,1.0,other
hopper01,H100,magma-dist,131072,8192,1,8,256,1,1,1,1,0.0030434766,1.0,other
hopper01,H100,magma-dist,262144,4096,1,8,256,1,1,1,1,0.0030226511,1.0,other
hopper01,H100,magma-dist,524288,2048,1,8,256,1,1,1,1,0.0031069903999999997,1.0,other
hopper01,H100,magma-dist,1048576,1024,1,8,256,1,1,1,1,0.0031020911,1.0,other
hopper01,H100,magma-dist,131072,8192,1,16,256,1,1,1,1,0.0032415131999999998,1.0,other
hopper01,H100,magma-dist,262144,4096,1,16,256,1,1,1,1,0.0032620799999999997,1.0,other
hopper01,H100,magma-dist,524288,2048,1,16,256,1,1,1,1,0.0033530293,1.0,other
hopper01,H100,magma-dist,1048576,1024,1,16,256,1,1,1,1,0.0033530263,1.0,other
hopper01,H100,magma-dist,131072,8192,1,32,256,1,1,1,1,0.0051991416,1.0,other
hopper01,H100,magma-dist,262144,4096,1,32,256,1,1,1,1,0.0052943052,1.0,other
hopper01,H100,magma-dist,524288,2048,1,32,256,1,1,1,1,0.0054537029,1.0,other
hopper01,H100,magma-dist,1048576,1024,1,32,256,1,1,1,1,0.0054107699,1.0,other
hopper01,H100,magma-dist,131072,8192,1,64,256,1,1,1,1,0.0087975612,1.0,other
hopper01,H100,magma-dist,262144,4096,1,64,256,1,1,1,1,0.0089113987,1.0,other
hopper01,H100,magma-dist,524288,2048,1,64,256,1,1,1,1,0.009153856200000001,1.0,other
hopper01,H100,magma-dist,1048576,1024,1,64,256,1,1,1,1,0.0091703713,1.0,other
hopper01,H100,magma-dist,131072,8192,1,128,256,1,1,1,1,0.016641056199999997,1.0,other
hopper01,H100,magma-dist,262144,4096,1,128,256,1,1,1,1,0.0166763818,1.0,other
hopper01,H100,magma-dist,524288,2048,1,128,256,1,1,1,1,0.0170011791,1.0,other
hopper01,H100,magma-dist,1048576,1024,1,128,256,1,1,1,1,0.0169457778,1.0,other
hopper01,H100,magma-dist,131072,8192,1,256,256,1,1,1,1,0.0324909022,1.0,other
hopper01,H100,magma-dist,262144,4096,1,256,256,1,1,1,1,0.0323665421,1.0,other
hopper01,H100,magma-dist,524288,2048,1,256,256,1,1,1,1,0.0330549142,1.0,other
hopper01,H100,magma-dist,1048576,1024,1,256,256,1,1,1,1,0.033077782099999994,1.0,other
hopper01,H100,tiled-dist,131072,8192,1,4,16,1,1,1,1,0.0087842757,1.0,other
hopper01,H100,tiled-dist,262144,4096,1,4,16,1,1,1,1,0.008797257,1.0,other
hopper01,H100,tiled-dist,524288,2048,1,4,16,1,1,1,1,0.0088773228,1.0,other
hopper01,H100,tiled-dist,1048576,1024,1,4,16,1,1,1,1,0.0088736506,1.0,other
hopper01,H100,tiled-dist,131072,8192,1,8,16,1,1,1,1,0.008850041,1.0,other
hopper01,H100,tiled-dist,262144,4096,1,8,16,1,1,1,1,0.0088444401,1.0,other
hopper01,H100,tiled-dist,524288,2048,1,8,16,1,1,1,1,0.0092304448,1.0,other
hopper01,H100,tiled-dist,1048576,1024,1,8,16,1,1,1,1,0.0092037574,1.0,other
hopper01,H100,tiled-dist,131072,8192,1,16,16,1,1,1,1,0.0088447438,1.0,other
hopper01,H100,tiled-dist,262144,4096,1,16,16,1,1,1,1,0.0090586751,1.0,other
hopper01,H100,tiled-dist,524288,2048,1,16,16,1,1,1,1,0.0094801912,1.0,other
hopper01,H100,tiled-dist,1048576,1024,1,16,16,1,1,1,1,0.0093854851,1.0,other
hopper01,H100,tiled-dist,131072,8192,1,32,16,1,1,1,1,0.015264370499999999,1.0,other
hopper01,H100,tiled-dist,262144,4096,1,32,16,1,1,1,1,0.0162604889,1.0,other
hopper01,H100,tiled-dist,524288,2048,1,32,16,1,1,1,1,0.016315516699999998,1.0,other
hopper01,H100,tiled-dist,1048576,1024,1,32,16,1,1,1,1,0.0162967949,1.0,other
hopper01,H100,tiled-dist,131072,8192,1,64,16,1,1,1,1,0.0298842891,1.0,other
hopper01,H100,tiled-dist,262144,4096,1,64,16,1,1,1,1,0.0303923506,1.0,other
hopper01,H100,tiled-dist,524288,2048,1,64,16,1,1,1,1,0.0302592829,1.0,other
hopper01,H100,tiled-dist,1048576,1024,1,64,16,1,1,1,1,0.030197805700000004,1.0,other
hopper01,H100,tiled-dist,131072,8192,1,128,32,1,1,1,1,0.0573189431,1.0,other
hopper01,H100,tiled-dist,262144,4096,1,128,32,1,1,1,1,0.0573178506,1.0,other
hopper01,H100,tiled-dist,524288,2048,1,128,32,1,1,1,1,0.0573624126,1.0,other
hopper01,H100,tiled-dist,1048576,1024,1,128,32,1,1,1,1,0.0573564175,1.0,other
hopper01,H100,tiled-dist,131072,8192,1,256,32,1,1,1,1,0.10999878030000002,1.0,other
hopper01,H100,tiled-dist,262144,4096,1,256,32,1,1,1,1,0.1100077019,1.0,other
hopper01,H100,tiled-dist,524288,2048,1,256,32,1,1,1,1,0.1099889754,1.0,other
hopper01,H100,tiled-dist,1048576,1024,1,256,32,1,1,1,1,0.1100577412,1.0,other
volta05,V100,baseline-dist,131072,8192,1,4,256,1,1,1,1,0.0099961679,1.0,other
volta05,V100,baseline-dist,262144,4096,1,4,256,1,1,1,1,0.0158796714,1.0193589318016854,other
volta05,V100,baseline-dist,524288,2048,1,4,256,1,1,1,1,0.027954539700000003,1.0,other
volta05,V100,baseline-dist,1048576,1024,1,4,256,1,1,1,1,0.0280570697,1.0,other
volta05,V100,baseline-dist,131072,8192,1,8,256,1,1,1,1,0.0145769278,1.0,other
volta05,V100,baseline-dist,262144,4096,1,8,256,1,1,1,1,0.0498723462,1.0,other
volta05,V100,baseline-dist,524288,2048,1,8,256,1,1,1,1,0.0508344601,1.0,other
volta05,V100,baseline-dist,1048576,1024,1,8,256,1,1,1,1,0.050702062000000006,1.0,other
volta05,V100,baseline-dist,131072,8192,1,16,256,1,1,1,1,0.0873807368,1.0,other
volta05,V100,baseline-dist,262144,4096,1,16,256,1,1,1,1,0.0944725176,1.0,other
volta05,V100,baseline-dist,524288,2048,1,16,256,1,1,1,1,0.0937764924,1.0,other
volta05,V100,baseline-dist,1048576,1024,1,16,256,1,1,1,1,0.0937277248,1.0,other
volta05,V100,baseline-dist,131072,8192,1,32,256,1,1,1,1,0.17878707030000002,1.0,other
volta05,V100,baseline-dist,262144,4096,1,32,256,1,1,1,1,0.1783935566,1.0,other
volta05,V100,baseline-dist,524288,2048,1,32,256,1,1,1,1,0.1784831181,1.0,other
volta05,V100,baseline-dist,1048576,1024,1,32,256,1,1,1,1,0.17734069130000002,1.0,other
volta05,V100,baseline-dist,131072,8192,1,64,256,1,1,1,1,0.3428319225,1.0,other
volta05,V100,baseline-dist,262144,4096,1,64,256,1,1,1,1,0.3424355293,1.0,other
volta05,V100,baseline-dist,524288,2048,1,64,256,1,1,1,1,0.3424426181,1.0,other
volta05,V100,baseline-dist,1048576,1024,1,64,256,1,1,1,1,0.3436423974,1.0,other
volta05,V100,baseline-dist,131072,8192,1,128,256,1,1,1,1,0.6731075185,1.0,other
volta05,V100,baseline-dist,262144,4096,1,128,256,1,1,1,1,0.6642266220999999,1.0,other
volta05,V100,baseline-dist,524288,2048,1,128,256,1,1,1,1,0.671809042,1.0,other
volta05,V100,baseline-dist,1048576,1024,1,128,256,1,1,1,1,0.6717045319999999,1.0,other
volta05,V100,baseline-dist,131072,8192,1,256,256,1,1,1,1,1.3139511928,1.0,other
volta05,V100,baseline-dist,262144,4096,1,256,256,1,1,1,1,1.3110391396,1.0028956554182031,other
volta05,V100,baseline-dist,524288,2048,1,256,256,1,1,1,1,1.319832294,1.0,other
volta05,V100,baseline-dist,1048576,1024,1,256,256,1,1,1,1,1.3280681006,1.0,other
volta05,V100,cublas-dist,131072,8192,1,4,512,1,1,1,1,0.023840062000000002,1.0,other
volta05,V100,cublas-dist,262144,4096,1,4,512,1,1,1,1,0.022607551400000002,1.0,other
volta05,V100,cublas-dist,524288,2048,1,4,512,1,1,1,1,0.025988193399999998,1.0064818100312096,other
volta05,V100,cublas-dist,1048576,1024,1,4,512,1,1,1,1,0.027727385,1.0005333890788477,other
volta05,V100,cublas-dist,131072,8192,1,8,256,1,1,1,1,0.0224533775,1.0006807215265796,other
volta05,V100,cublas-dist,262144,4096,1,8,256,1,1,1,1,0.0228380895,1.0000371016777148,other
volta05,V100,cublas-dist,524288,2048,1,8,256,1,1,1,1,0.026078984300000004,1.0055125284434159,other
volta05,V100,cublas-dist,1048576,1024,1,8,256,1,1,1,1,0.027398077,1.0,other
volta05,V100,cublas-dist,131072,8192,1,16,512,1,1,1,1,0.0225160162,1.0000729356273776,other
volta05,V100,cublas-dist,262144,4096,1,16,512,1,1,1,1,0.023144907200000002,1.0001251014815604,other
volta05,V100,cublas-dist,524288,2048,1,16,512,1,1,1,1,0.0263789494,1.0054598530095604,other
volta05,V100,cublas-dist,1048576,1024,1,16,512,1,1,1,1,0.027135391399999997,1.0,other
volta05,V100,cublas-dist,131072,8192,1,32,64,1,1,1,1,0.0227369184,1.0002119557787275,other
volta05,V100,cublas-dist,262144,4096,1,32,64,1,1,1,1,0.022972095300000002,1.0001983582089844,other
volta05,V100,cublas-dist,524288,2048,1,32,64,1,1,1,1,0.0262735411,1.0,other
volta05,V100,cublas-dist,1048576,1024,1,32,64,1,1,1,1,0.026592293,1.0,other
volta05,V100,cublas-dist,131072,8192,1,64,512,1,1,1,1,0.0236161566,1.0003285822092987,other
volta05,V100,cublas-dist,262144,4096,1,64,512,1,1,1,1,0.0239128787,1.0013436615227695,other
volta05,V100,cublas-dist,524288,2048,1,64,512,1,1,1,1,0.026543960300000002,1.0035945328501115,other
volta05,V100,cublas-dist,1048576,1024,1,64,512,1,1,1,1,0.026990799,1.0006294399392575,other
volta05,V100,cublas-dist,131072,8192,1,128,64,1,1,1,1,0.0317283221,1.0064470482014722,other
volta05,V100,cublas-dist,262144,4096,1,128,64,1,1,1,1,0.0318353402,1.0,other
volta05,V100,cublas-dist,524288,2048,1,128,64,1,1,1,1,0.0329373133,1.0019438505323646,other
volta05,V100,cublas-dist,1048576,1024,1,128,64,1,1,1,1,0.033422917600000004,1.004246190393216,other
volta05,V100,cublas-dist,131072,8192,1,256,512,1,1,1,1,0.0506274701,1.0,other
volta05,V100,cublas-dist,262144,4096,1,256,512,1,1,1,1,0.0507583569,1.0000409052824866,other
volta05,V100,cublas-dist,524288,2048,1,256,512,1,1,1,1,0.0510033179,1.0017998855103643,other
volta05,V100,cublas-dist,1048576,1024,1,256,512,1,1,1,1,0.051776552899999995,1.0,other
volta05,V100,tiled-dist,131072,8192,1,4,16,1,1,1,1,0.0156579959,1.0,other
volta05,V100,tiled-dist,262144,4096,1,4,16,1,1,1,1,0.0155886257,1.0,other
volta05,V100,tiled-dist,524288,2048,1,4,16,1,1,1,1,0.0160745944,1.0,other
volta05,V100,tiled-dist,1048576,1024,1,4,16,1,1,1,1,0.0162320213,1.0,other
volta05,V100,tiled-dist,131072,8192,1,8,16,1,1,1,1,0.0163997483,1.0,other
volta05,V100,tiled-dist,262144,4096,1,8,16,1,1,1,1,0.016258076599999997,1.0,other
volta05,V100,tiled-dist,524288,2048,1,8,16,1,1,1,1,0.0167880876,1.0,other
volta05,V100,tiled-dist,1048576,1024,1,8,16,1,1,1,1,0.01700632,1.0,other
volta05,V100,tiled-dist,131072,8192,1,16,16,1,1,1,1,0.0172558716,1.0,other
volta05,V100,tiled-dist,262144,4096,1,16,16,1,1,1,1,0.0171828562,1.0,other
volta05,V100,tiled-dist,524288,2048,1,16,16,1,1,1,1,0.0180653816,1.0,other
volta05,V100,tiled-dist,1048576,1024,1,16,16,1,1,1,1,0.0180607482,1.0,other
volta05,V100,tiled-dist,131072,8192,1,32,32,1,1,1,1,0.026841178900000002,1.0,other
volta05,V100,tiled-dist,262144,4096,1,32,32,1,1,1,1,0.0267408825,1.0,other
volta05,V100,tiled-dist,524288,2048,1,32,32,1,1,1,1,0.027094919099999996,1.0,other
volta05,V100,tiled-dist,1048576,1024,1,32,32,1,1,1,1,0.026863894300000003,1.0,other
volta05,V100,tiled-dist,131072,8192,1,64,32,1,1,1,1,0.050449059,1.0,other
volta05,V100,tiled-dist,262144,4096,1,64,32,1,1,1,1,0.0503210561,1.0,other
volta05,V100,tiled-dist,524288,2048,1,64,32,1,1,1,1,0.0507893676,1.0,other
volta05,V100,tiled-dist,1048576,1024,1,64,32,1,1,1,1,0.0507942312,1.0,other
volta05,V100,tiled-dist,131072,8192,1,128,32,1,1,1,1,0.09392124069999999,1.0,other
volta05,V100,tiled-dist,262144,4096,1,128,32,1,1,1,1,0.09378904,1.0,other
volta05,V100,tiled-dist,524288,2048,1,128,32,1,1,1,1,0.0942072633,1.0,other
volta05,V100,tiled-dist,1048576,1024,1,128,32,1,1,1,1,0.09394169129999999,1.0,other
volta05,V100,tiled-dist,131072,8192,1,256,32,1,1,1,1,0.1811392647,1.0,other
volta05,V100,tiled-dist,262144,4096,1,256,32,1,1,1,1,0.1803705425,1.0,other
volta05,V100,tiled-dist,524288,2048,1,256,32,1,1,1,1,0.1806855309,1.0,other
volta05,V100,tiled-dist,1048576,1024,1,256,32,1,1,1,1,0.1807527316,1.0,other
